,day,idₕ,sₕ,idₐ,sₐ,hw
0,1,6,2,8,5,0
1,1,5,2,1,3,0
2,1,0,3,11,3,0
3,1,10,4,9,2,1
4,1,4,3,7,8,0
5,1,2,2,3,3,0
6,1,23,4,24,4,1
7,1,26,4,1,1,1
8,2,31,5,5,7,0
9,2,22,5,29,2,1
10,2,9,4,30,2,1
11,2,4,6,21,5,1
12,2,20,2,10,2,0
13,2,19,9,12,2,1
14,2,15,8,2,0,1
15,2,11,1,7,3,0
16,3,18,2,6,4,0
17,3,16,3,0,4,0
18,3,28,2,14,3,0
19,3,27,5,13,1,1
20,3,8,7,17,2,1
21,3,3,2,25,0,1
22,3,21,7,25,2,1
23,3,31,4,4,3,1
24,4,8,4,29,6,0
25,4,9,4,24,3,1
26,4,22,7,6,2,1
27,4,15,7,14,2,1
28,4,7,2,17,1,1
29,4,10,1,20,2,0
30,4,12,5,13,3,1
31,4,19,3,28,2,1
32,5,16,3,0,1,1
33,5,23,3,11,2,1
34,5,2,4,26,1,1
35,5,3,2,5,2,0
36,5,27,7,1,4,1
37,5,18,7,30,3,1
38,5,6,3,16,2,1
39,5,15,5,28,2,1
40,6,10,5,1,4,1
41,6,18,6,3,2,1
42,6,9,6,29,2,1
43,6,8,8,11,1,1
44,6,12,4,26,2,1
45,6,7,2,20,6,0
46,6,27,9,23,7,1
47,6,22,6,0,1,1
48,7,30,3,4,0,1
49,7,25,4,13,0,1
50,7,19,4,2,2,1
51,7,31,0,17,2,0
52,7,24,2,21,4,0
53,7,14,3,5,3,0
54,7,19,7,5,2,1
55,7,17,3,12,2,1
56,8,10,4,30,1,1
57,8,16,1,29,3,0
58,8,9,4,6,3,1
59,8,28,4,25,2,1
60,8,7,4,31,3,1
61,8,22,8,20,2,1
62,8,0,4,2,4,1
63,8,14,6,11,5,1
64,9,1,5,13,2,1
65,9,15,2,21,2,1
66,9,4,4,27,5,0
67,9,23,4,8,4,1
68,9,26,2,18,3,0
69,9,24,1,3,3,0
70,9,10,1,5,4,0
71,9,12,6,19,2,1
72,10,8,4,25,2,1
73,10,0,3,3,6,0
74,10,24,2,13,5,0
75,10,29,5,15,4,1
76,10,21,6,30,2,1
77,10,2,4,1,2,1
78,10,17,4,18,5,0
79,10,6,4,11,2,1
80,11,31,5,20,4,1
81,11,14,3,16,0,1
82,11,7,3,9,3,0
83,11,28,6,22,7,0
84,11,27,9,4,4,1
85,11,26,5,23,0,1
86,11,12,4,16,8,0
87,11,14,4,13,2,1
88,12,9,1,21,2,0
89,12,7,2,10,2,0
90,12,30,5,1,3,1
91,12,3,3,31,2,1
92,12,0,5,20,5,1
93,12,2,5,11,4,1
94,12,5,1,22,4,0
95,12,23,5,24,4,1
96,13,19,0,17,1,0
97,13,8,4,25,3,1
98,13,6,4,29,4,1
99,13,28,6,15,3,1
100,13,27,3,18,6,0
101,13,4,4,26,4,1
102,13,7,6,12,2,1
103,13,2,5,19,4,1
104,14,27,1,29,8,0
105,14,21,1,30,1,1
106,14,9,9,8,3,1
107,14,15,3,11,0,1
108,14,14,5,18,2,1
109,14,24,1,5,5,0
110,14,20,3,28,0,1
111,14,17,5,1,6,0
112,15,25,3,16,2,1
113,15,22,4,31,2,1
114,15,3,6,13,3,1
115,15,4,7,6,3,1
116,15,10,3,26,4,0
117,15,0,2,23,5,0
118,15,21,3,25,1,1
119,15,2,3,12,2,1
120,16,4,5,23,3,1
121,16,3,3,19,2,1
122,16,13,2,20,5,0
123,16,0,3,1,5,0
124,16,11,6,8,4,1
125,16,7,3,17,2,1
126,16,6,1,28,2,0
127,16,31,2,29,2,1
128,17,16,2,22,4,0
129,17,14,6,18,3,1
130,17,5,4,9,2,1
131,17,10,6,30,1,1
132,17,26,3,24,2,1
133,17,15,3,27,5,0
134,17,6,1,25,3,0
135,17,18,2,26,5,0
136,18,7,5,5,4,1
137,18,12,7,3,2,1
138,18,24,4,28,4,0
139,18,22,11,11,2,1
140,18,1,1,15,4,0
141,18,14,2,9,2,1
142,18,10,10,2,2,1
143,18,4,4,31,2,1
144,19,27,1,17,8,0
145,19,20,5,16,0,1
146,19,13,4,29,3,1
147,19,0,2,19,3,0
148,19,30,3,23,2,1
149,19,21,4,8,2,1
150,19,11,4,29,4,0
151,19,7,5,5,4,1
152,20,18,6,13,2,1
153,20,19,0,15,3,0
154,20,3,0,17,2,0
155,20,16,3,14,5,0
156,20,10,7,27,3,1
157,20,25,1,20,1,0
158,20,28,4,4,3,1
159,20,23,2,31,3,0
160,21,2,5,24,4,1
161,21,9,5,12,1,1
162,21,30,7,8,1,1
163,21,22,5,1,3,1
164,21,0,2,6,2,1
165,21,26,3,21,4,0
166,21,26,3,16,1,1
167,21,5,3,7,2,1
168,22,28,3,17,1,1
169,22,9,6,12,1,1
170,22,19,7,8,2,1
171,22,30,4,27,2,1
172,22,2,0,23,2,0
173,22,4,4,29,7,0
174,22,3,3,21,4,0
175,22,14,7,22,0,1
176,23,15,3,20,6,0
177,23,31,7,0,1,1
178,23,13,4,11,2,1
179,23,6,4,24,4,0
180,23,25,6,18,2,1
181,23,10,9,1,5,1
182,23,7,6,24,2,1
183,23,18,4,6,2,1
184,24,15,2,28,5,0
185,24,25,5,23,2,1
186,24,27,5,11,3,1
187,24,5,9,0,0,1
188,24,13,4,21,3,1
189,24,3,4,17,1,1
190,24,1,1,31,3,0
191,24,20,2,12,2,1
192,25,8,1,30,4,0
193,25,4,5,14,4,1
194,25,10,3,29,4,0
195,25,9,2,26,4,0
196,25,2,2,22,5,0
197,25,19,6,16,0,1
198,25,15,4,6,9,0
199,25,23,7,19,3,1
200,26,16,3,29,1,1
201,26,10,4,17,1,1
202,26,7,5,1,2,1
203,26,11,0,12,5,0
204,26,25,4,21,0,1
205,26,4,9,8,7,1
206,26,2,5,22,6,0
207,26,31,1,24,1,0
208,27,30,2,0,3,0
209,27,13,1,28,2,0
210,27,20,2,3,4,0
211,27,9,9,27,3,1
212,27,26,3,14,3,1
213,27,18,8,5,4,1
214,27,25,3,21,1,1
215,27,0,4,11,5,0
216,28,2,2,31,2,0
217,28,18,6,10,5,1
218,28,7,3,9,5,0
219,28,5,4,24,3,1
220,28,3,1,17,2,0
221,28,29,4,26,3,1
222,28,8,0,16,6,0
223,28,28,6,20,3,1
224,29,30,4,6,2,1
225,29,15,4,13,5,0
226,29,27,7,19,1,1
227,29,23,3,1,10,0
228,29,12,4,14,0,1
229,29,22,8,4,2,1
230,29,24,3,26,2,1
231,29,16,3,0,2,1
232,30,31,3,6,0,1
233,30,20,9,15,4,1
234,30,10,4,2,7,0
235,30,4,5,12,3,1
236,30,22,6,9,1,1
237,30,13,5,30,1,1
238,30,21,1,14,2,0
239,30,3,1,28,1,1
240,31,27,4,5,4,0
241,31,29,7,11,3,1
242,31,18,4,19,1,1
243,31,8,1,7,5,0
244,31,17,2,25,2,0
245,31,1,1,23,2,0
246,31,18,4,1,2,1
247,31,9,2,19,2,0
248,32,8,3,25,4,0
249,32,21,5,13,0,1
250,32,11,4,2,3,1
251,32,27,8,0,1,1
252,32,22,6,17,4,1
253,32,26,5,24,0,1
254,32,7,1,12,4,0
255,32,20,3,4,5,0
256,33,5,5,3,4,1
257,33,16,5,29,7,0
258,33,31,3,6,3,0
259,33,28,3,10,1,1
260,33,14,2,23,1,1
261,33,30,2,15,1,1
262,33,12,4,7,7,0
263,33,17,3,21,1,1
264,34,13,6,19,3,1
265,34,10,5,23,7,0
266,34,6,2,24,4,0
267,34,9,3,14,2,1
268,34,3,5,2,2,1
269,34,22,7,1,0,1
270,34,5,7,4,3,1
271,34,29,1,26,2,0
272,35,25,3,18,4,0
273,35,27,8,0,7,1
274,35,20,2,31,3,0
275,35,15,2,28,5,0
276,35,30,3,16,2,1
277,35,8,5,11,2,1
278,35,11,2,30,1,1
279,35,4,3,26,8,0
280,36,2,3,12,2,1
281,36,29,7,21,2,1
282,36,20,2,16,2,1
283,36,23,4,27,3,1
284,36,19,4,0,5,0
285,36,7,4,6,4,0
286,36,9,4,28,3,1
287,36,5,4,18,3,1
288,37,13,3,3,0,1
289,37,17,0,14,2,0
290,37,31,3,8,0,1
291,37,22,3,15,4,0
292,37,10,4,1,3,1
293,37,25,8,24,3,1
294,37,18,2,28,3,0
295,37,2,3,0,5,0
296,38,26,2,20,2,0
297,38,10,6,19,3,1
298,38,4,4,15,3,1
299,38,9,5,12,3,1
300,38,14,1,13,3,0
301,38,31,2,22,3,0
302,38,1,1,25,6,0
303,38,23,4,5,0,1
304,39,29,7,24,0,1
305,39,6,3,27,5,0
306,39,3,5,30,2,1
307,39,8,5,21,3,1
308,39,7,5,11,2,1
309,39,17,5,16,1,1
310,39,2,3,11,3,0
311,39,9,10,18,1,1
312,40,28,4,10,5,0
313,40,4,6,20,3,1
314,40,24,3,6,8,0
315,40,27,7,17,6,1
316,40,19,5,8,3,1
317,40,16,0,13,1,0
318,40,5,3,26,3,0
319,40,22,11,0,3,1
320,41,31,1,21,3,0
321,41,14,6,3,2,1
322,41,25,7,12,2,1
323,41,7,7,29,4,1
324,41,1,4,30,4,0
325,41,23,3,15,6,0
326,41,8,3,5,4,0
327,41,17,6,1,2,1
328,42,27,2,29,6,0
329,42,30,0,7,1,0
330,42,9,8,28,2,1
331,42,16,3,2,2,1
332,42,14,9,3,0,1
333,42,15,5,11,2,1
334,42,19,3,31,4,0
335,42,0,4,4,7,0
336,43,18,5,21,1,1
337,43,25,10,24,0,1
338,43,10,5,20,4,1
339,43,13,3,23,1,1
340,43,6,4,26,2,1
341,43,22,7,12,1,1
342,43,27,3,16,2,1
343,43,4,8,19,5,1
344,44,9,3,2,3,1
345,44,30,5,17,2,1
346,44,23,3,8,3,1
347,44,5,6,0,3,1
348,44,10,6,18,5,1
349,44,24,5,1,4,1
350,44,11,3,3,1,1
351,44,31,5,7,2,1
352,45,20,3,21,2,1
353,45,29,5,28,1,1
354,45,25,5,26,2,1
355,45,15,3,14,7,0
356,45,22,4,13,3,1
357,45,6,3,12,4,0
358,45,27,3,5,3,0
359,45,13,2,28,5,0
360,46,12,4,15,3,1
361,46,9,3,6,3,0
362,46,14,7,8,4,1
363,46,31,5,0,3,1
364,46,24,2,16,5,0
365,46,11,5,1,1,1
366,46,21,2,23,3,0
367,46,4,5,2,5,1
368,47,17,4,25,4,1
369,47,30,3,10,1,1
370,47,20,1,19,6,0
371,47,3,0,18,1,0
372,47,29,3,7,4,0
373,47,26,0,22,8,0
374,47,8,8,9,2,1
375,47,11,6,25,7,0
376,48,0,4,12,4,0
377,48,24,4,31,4,0
378,48,3,2,13,2,0
379,48,2,4,5,3,1
380,48,4,2,27,4,0
381,48,16,2,6,3,0
382,48,7,7,15,1,1
383,48,1,2,20,3,0
384,49,10,2,18,2,0
385,49,14,4,21,2,1
386,49,23,1,30,2,0
387,49,17,6,22,2,1
388,49,26,1,28,2,0
389,49,29,5,19,6,0
390,49,4,10,0,0,1
391,49,12,8,29,4,1
392,50,2,5,5,5,0
393,50,30,4,3,0,1
394,50,15,6,1,3,1
395,50,21,3,9,2,1
396,50,6,2,31,2,0
397,50,27,4,16,2,1
398,50,8,2,18,2,1
399,50,22,7,14,3,1
400,51,25,3,11,1,1
401,51,7,3,28,2,1
402,51,13,1,17,2,0
403,51,23,2,19,3,0
404,51,10,3,26,4,0
405,51,20,4,24,2,1
406,51,21,3,28,1,1
407,51,15,6,12,1,1
408,52,29,6,26,1,1
409,52,5,5,18,0,1
410,52,25,3,22,3,0
411,52,2,2,3,2,0
412,52,19,6,10,2,1
413,52,23,4,1,7,0
414,52,27,6,0,7,0
415,52,30,2,9,6,0
416,53,4,2,11,3,0
417,53,17,3,20,0,1
418,53,7,5,31,2,1
419,53,14,9,24,2,1
420,53,16,0,13,3,0
421,53,6,5,8,5,0
422,53,17,10,8,6,1
423,53,12,6,28,3,1
424,54,24,5,4,11,0
425,54,11,2,29,4,0
426,54,2,2,7,2,1
427,54,14,10,18,2,1
428,54,23,2,30,4,0
429,54,6,1,21,7,0
430,54,26,3,16,0,1
431,54,27,6,9,4,1
432,55,0,2,20,5,0
433,55,15,0,5,4,0
434,55,22,2,31,2,0
435,55,19,2,10,5,0
436,55,25,4,13,4,0
437,55,1,6,3,5,1
438,55,17,5,16,2,1
439,55,10,5,19,5,1
440,56,27,1,5,3,0
441,56,2,5,11,1,1
442,56,14,6,31,2,1
443,56,25,2,28,3,0
444,56,18,3,12,6,0
445,56,9,5,4,5,0
446,56,24,3,15,3,1
447,56,6,3,23,3,1
448,57,1,4,7,4,1
449,57,29,9,8,4,1
450,57,20,1,21,5,0
451,57,0,3,30,2,1
452,57,22,3,3,0,1
453,57,13,3,26,5,0
454,57,7,4,27,4,0
455,57,29,6,20,2,1
456,58,12,8,24,2,1
457,58,19,2,11,3,0
458,58,5,3,2,2,1
459,58,14,5,3,3,1
460,58,25,5,15,4,1
461,58,16,2,4,3,0
462,58,17,0,30,3,0
463,58,21,1,22,7,0
464,59,31,3,18,1,1
465,59,28,6,9,3,1
466,59,6,6,1,2,1
467,59,13,3,10,4,0
468,59,23,6,26,2,1
469,59,8,7,0,5,1
470,59,27,5,4,3,1
471,59,20,2,22,6,0
472,60,12,1,3,2,0
473,60,23,3,10,2,1
474,60,6,6,31,3,1
475,60,30,5,15,3,1
476,60,9,1,19,5,0
477,60,8,5,14,3,1
478,60,7,0,28,7,0
479,60,24,6,0,4,1
480,61,26,2,2,4,0
481,61,25,0,13,2,0
482,61,18,5,16,0,1
483,61,5,3,21,7,0
484,61,1,3,29,3,1
485,61,11,1,17,4,0
486,61,1,1,18,11,0
487,61,0,3,11,2,1
488,62,30,4,15,2,1
489,62,3,4,4,6,0
490,62,6,7,14,4,1
491,62,24,1,13,2,0
492,62,9,2,29,0,1
493,62,16,2,25,3,0
494,62,31,1,28,1,0
495,62,8,1,19,4,0
496,63,23,6,20,2,1
497,63,22,3,12,2,1
498,63,21,4,26,1,1
499,63,7,5,27,3,1
500,63,5,7,2,3,1
501,63,17,6,10,0,1
502,63,12,5,6,5,0
503,63,0,3,18,2,1
504,64,31,5,11,1,1
505,64,29,7,24,2,1
506,64,21,3,25,4,0
507,64,10,2,20,2,0
508,64,5,1,7,1,0
509,64,8,3,3,1,1
510,64,16,3,26,0,1
511,64,14,6,22,6,0
512,65,15,3,4,5,0
513,65,2,2,23,3,0
514,65,28,4,27,5,0
515,65,19,3,13,5,0
516,65,9,3,17,4,0
517,65,1,2,30,2,1
518,65,8,6,6,5,1
519,65,10,4,25,1,1
520,66,1,3,3,2,1
521,66,23,3,13,1,1
522,66,7,5,18,3,1
523,66,29,4,21,2,1
524,66,11,2,30,4,0
525,66,12,2,9,7,0
526,66,20,6,0,4,1
527,66,16,3,4,2,1
528,67,14,6,2,2,1
529,67,28,2,17,1,1
530,67,15,4,26,4,0
531,67,24,3,19,6,0
532,67,5,5,27,1,1
533,67,31,1,22,6,0
534,67,24,3,22,5,0
535,67,15,5,27,4,1
536,68,19,3,3,1,1
537,68,20,3,29,5,0
538,68,30,1,2,5,0
539,68,0,4,18,6,0
540,68,21,1,13,2,0
541,68,1,1,9,3,0
542,68,6,2,14,4,0
543,68,5,7,12,3,1
544,69,25,4,16,1,1
545,69,28,6,4,2,1
546,69,8,4,31,1,1
547,69,17,5,10,2,1
548,69,26,3,23,3,1
549,69,11,2,7,2,0
550,69,29,3,5,6,0
551,69,13,1,17,4,0
552,70,16,3,8,2,1
553,70,4,1,9,3,0
554,70,19,2,26,5,0
555,70,22,10,10,5,1
556,70,25,4,0,5,0
557,70,11,3,14,3,1
558,70,24,1,27,3,0
559,70,23,2,31,2,1
560,71,3,1,7,2,0
561,71,12,6,20,2,1
562,71,30,3,18,3,0
563,71,6,8,2,3,1
564,71,21,3,28,3,0
565,71,15,1,1,2,0
566,71,25,5,6,3,1
567,71,16,2,19,6,0
568,72,24,3,17,5,0
569,72,10,6,20,5,1
570,72,21,2,31,1,1
571,72,9,7,13,1,1
572,72,22,5,29,2,1
573,72,0,2,28,1,1
574,72,12,3,5,3,0
575,72,7,7,15,2,1
576,73,23,8,11,5,1
577,73,8,5,26,3,1
578,73,18,5,3,3,1
579,73,1,5,14,5,0
580,73,27,9,4,3,1
581,73,30,2,2,2,1
582,73,8,4,19,1,1
583,73,17,3,31,1,1
584,74,23,6,0,4,1
585,74,4,2,13,5,0
586,74,26,5,20,0,1
587,74,22,6,25,5,1
588,74,5,3,27,2,1
589,74,6,7,10,7,1
590,74,28,5,16,1,1
591,74,9,4,7,0,1
592,75,15,2,21,4,0
593,75,30,3,18,4,0
594,75,29,6,2,4,1
595,75,24,6,14,6,1
596,75,11,3,1,7,0
597,75,12,1,3,1,0
598,75,4,4,27,5,0
599,75,1,7,8,5,1
600,76,18,5,23,0,1
601,76,0,4,30,3,1
602,76,28,5,10,6,0
603,76,17,2,7,1,1
604,76,21,10,6,3,1
605,76,15,0,19,6,0
606,76,26,3,14,4,0
607,76,20,3,31,1,1
608,77,25,2,22,5,0
609,77,11,4,5,5,0
610,77,12,4,3,2,1
611,77,13,1,16,4,0
612,77,2,5,24,1,1
613,77,29,3,9,5,0
614,77,24,4,9,4,0
615,77,26,3,27,0,1
616,78,12,5,28,2,1
617,78,21,3,18,5,0
618,78,20,7,0,2,1
619,78,5,7,4,3,1
620,78,19,4,29,2,1
621,78,6,2,11,2,1
622,78,7,3,17,1,1
623,78,25,2,16,2,0
624,79,13,3,30,2,1
625,79,22,4,31,2,1
626,79,1,3,23,6,0
627,79,2,2,3,4,0
628,79,10,11,15,5,1
629,79,14,5,8,2,1
630,79,21,6,4,3,1
631,79,30,3,0,1,1
632,80,7,10,24,2,1
633,80,31,3,10,1,1
634,80,23,9,6,5,1
635,80,11,2,12,4,0
636,80,9,1,3,3,0
637,80,2,0,29,8,0
638,80,27,9,18,4,1
639,80,16,4,25,1,1
640,81,22,5,14,5,1
641,81,8,3,28,3,0
642,81,5,5,26,5,0
643,81,20,4,1,6,0
644,81,13,8,15,3,1
645,81,19,3,17,1,1
646,81,9,5,27,2,1
647,81,21,5,19,2,1
648,82,16,0,4,6,0
649,82,6,5,24,2,1
650,82,14,3,26,0,1
651,82,10,1,17,3,0
652,82,12,1,3,3,0
653,82,30,3,8,3,1
654,82,23,6,25,5,1
655,82,13,3,5,2,1
656,83,15,1,22,4,0
657,83,29,7,20,5,1
658,83,2,2,31,1,1
659,83,1,2,7,1,1
660,83,11,5,28,3,1
661,83,0,4,18,3,1
662,83,7,7,6,2,1
663,83,30,3,27,0,1
664,84,0,4,2,3,1
665,84,18,3,15,3,0
666,84,8,3,3,2,1
667,84,17,4,28,5,0
668,84,11,1,24,5,0
669,84,31,2,19,2,1
670,84,12,1,26,3,0
671,84,14,7,10,1,1
672,85,16,2,20,3,0
673,85,21,3,25,1,1
674,85,13,1,4,3,0
675,85,9,5,29,2,1
676,85,23,4,5,3,1
677,85,1,4,22,10,0
678,85,6,6,26,3,1
679,85,24,4,2,3,1
680,86,21,4,19,1,1
681,86,20,7,16,1,1
682,86,22,5,31,4,1
683,86,14,3,10,2,1
684,86,3,3,11,2,1
685,86,4,0,17,5,0
686,86,25,4,27,6,0
687,86,30,5,9,2,1
688,87,1,1,29,6,0
689,87,12,5,8,1,1
690,87,7,3,18,6,0
691,87,0,3,13,4,0
692,87,28,4,15,2,1
693,87,23,3,5,5,0
694,87,19,2,13,7,0
695,87,16,2,24,1,1
696,88,28,5,12,3,1
697,88,20,2,27,3,0
698,88,26,1,17,2,0
699,88,1,3,2,4,0
700,88,30,7,0,2,1
701,88,3,4,11,4,1
702,88,31,2,21,1,1
703,88,18,3,8,3,1
704,89,25,5,10,3,1
705,89,22,8,7,2,1
706,89,15,6,5,5,1
707,89,4,3,9,3,1
708,89,29,6,14,2,1
709,89,6,5,23,5,1
710,89,3,7,21,2,1
711,89,20,6,4,3,1
712,90,26,1,25,4,0
713,90,7,4,2,4,0
714,90,5,4,16,0,1
715,90,8,4,9,1,1
716,90,24,11,0,8,1
717,90,22,4,19,0,1
718,90,29,2,17,3,0
719,90,10,2,1,7,0
720,91,27,3,18,2,1
721,91,23,1,6,2,0
722,91,15,6,12,2,1
723,91,28,3,14,6,0
724,91,30,1,31,1,0
725,91,13,4,11,3,1
726,91,9,2,16,2,1
727,91,11,3,23,4,0
728,92,20,6,5,6,0
729,92,2,3,22,3,0
730,92,3,2,31,0,1
731,92,7,4,25,3,1
732,92,14,9,8,5,1
733,92,26,2,30,2,1
734,92,10,8,18,3,1
735,92,17,1,21,7,0
736,93,15,6,28,3,1
737,93,4,11,6,6,1
738,93,12,13,24,4,1
739,93,29,2,19,4,0
740,93,0,9,27,4,1
741,93,13,2,1,2,1
742,93,13,6,25,4,1
743,93,2,3,14,1,1
744,94,31,4,23,2,1
745,94,24,0,7,3,0
746,94,29,7,20,7,1
747,94,1,9,11,2,1
748,94,17,4,19,3,1
749,94,12,3,30,4,0
750,94,27,1,18,4,0
751,94,28,4,5,5,0
752,95,0,4,4,10,0
753,95,3,2,26,3,0
754,95,22,3,9,4,0
755,95,21,6,15,3,1
756,95,16,3,6,2,1
757,95,8,5,10,5,0
758,95,5,4,14,5,0
759,95,19,5,18,1,1
760,96,8,8,27,6,1
761,96,20,2,11,5,0
762,96,15,7,17,5,1
763,96,12,5,4,11,0
764,96,26,5,13,1,1
765,96,22,9,7,3,1
766,96,21,6,1,3,1
767,96,30,0,29,5,0
768,97,24,1,3,5,0
769,97,9,3,6,4,0
770,97,16,2,25,2,1
771,97,10,5,2,3,1
772,97,23,5,28,1,1
773,97,31,3,0,4,0
774,97,7,2,22,4,0
775,97,11,3,21,2,1
776,98,25,2,23,3,0
777,98,8,1,6,5,0
778,98,12,2,9,4,0
779,98,18,5,0,1,1
780,98,1,2,29,6,0
781,98,13,6,4,8,0
782,98,2,0,5,6,0
783,98,24,5,15,3,1
784,99,27,3,10,8,0
785,99,28,5,17,0,1
786,99,26,4,19,2,1
787,99,31,2,14,6,0
788,99,16,1,20,3,0
789,99,3,1,30,0,1
790,99,24,5,25,2,1
791,99,9,3,27,4,0
792,100,31,3,20,3,0
793,100,15,9,6,5,1
794,100,16,5,14,3,1
795,100,10,4,21,3,1
796,100,0,5,1,1,1
797,100,13,3,30,0,1
798,100,7,4,12,5,0
799,100,2,3,5,4,0
800,101,23,2,26,3,0
801,101,8,2,18,7,0
802,101,19,3,29,2,1
803,101,4,8,22,6,1
804,101,3,2,17,1,1
805,101,11,4,28,1,1
806,101,8,2,20,3,0
807,101,10,5,0,1,1
808,102,21,2,6,4,0
809,102,3,8,15,4,1
810,102,18,5,30,1,1
811,102,25,7,1,0,1
812,102,14,6,9,4,1
813,102,27,3,31,2,1
814,102,24,0,22,10,0
815,102,7,3,2,0,1
816,103,5,5,16,2,1
817,103,23,2,19,2,0
818,103,4,5,17,5,1
819,103,29,5,28,1,1
820,103,26,2,13,3,0
821,103,11,4,12,3,1
822,103,28,3,25,1,1
823,103,20,1,26,7,0
824,104,29,7,8,4,1
825,104,11,1,2,2,0
826,104,17,0,30,4,0
827,104,27,8,24,5,1
828,104,15,6,6,2,1
829,104,0,4,31,1,1
830,104,21,6,13,1,1
831,104,1,2,7,6,0
832,105,19,5,18,2,1
833,105,14,5,23,1,1
834,105,5,8,16,3,1
835,105,3,1,9,2,0
836,105,4,11,10,1,1
837,105,12,4,22,7,0
838,105,17,4,11,0,1
839,105,28,4,18,4,1
840,106,31,5,8,5,1
841,106,2,5,1,2,1
842,106,23,2,7,1,1
843,106,26,1,15,2,0
844,106,10,7,24,4,1
845,106,22,6,9,3,1
846,106,19,0,20,1,0
847,106,4,2,13,3,0
848,107,0,2,16,1,1
849,107,27,2,29,2,0
850,107,14,1,5,9,0
851,107,30,2,6,1,1
852,107,12,4,21,7,0
853,107,25,3,3,5,0
854,107,28,4,5,4,1
855,107,7,1,29,4,0
856,108,6,5,1,6,0
857,108,26,4,10,6,0
858,108,18,6,3,3,1
859,108,21,3,15,1,1
860,108,22,7,20,4,1
861,108,19,2,30,4,0
862,108,13,1,27,0,1
863,108,14,2,17,3,0
864,109,25,7,0,5,1
865,109,12,10,4,4,1
866,109,8,3,9,6,0
867,109,24,3,2,5,0
868,109,31,8,11,3,1
869,109,16,6,23,2,1
870,109,5,8,15,2,1
871,109,7,3,3,3,1
872,110,14,6,23,2,1
873,110,9,1,19,3,0
874,110,31,3,10,2,1
875,110,20,3,28,0,1
876,110,16,1,18,3,0
877,110,17,1,11,1,1
878,110,29,4,30,4,1
879,110,0,4,12,2,1
880,111,27,6,6,4,1
881,111,1,4,2,5,0
882,111,26,0,22,2,0
883,111,13,9,24,0,1
884,111,25,4,4,5,0
885,111,8,4,21,1,1
886,111,13,5,17,4,1
887,111,0,2,23,4,0
888,112,14,5,31,3,1
889,112,5,5,28,1,1
890,112,4,8,27,3,1
891,112,7,7,2,3,1
892,112,18,13,8,3,1
893,112,10,4,15,5,0
894,112,21,10,12,1,1
895,112,30,2,16,3,0
896,113,11,4,26,6,0
897,113,20,3,1,8,0
898,113,6,2,9,1,1
899,113,25,5,24,6,0
900,113,19,0,22,5,0
901,113,29,5,3,2,1
902,113,3,4,24,2,1
903,113,25,4,13,2,1
904,114,0,2,20,5,0
905,114,29,4,11,3,1
906,114,12,3,17,3,0
907,114,27,3,1,3,1
908,114,15,5,9,3,1
909,114,30,0,19,3,0
910,114,23,3,21,3,0
911,114,7,0,4,1,0
912,115,26,2,16,1,1
913,115,14,7,10,4,1
914,115,28,4,5,4,0
915,115,22,3,31,2,1
916,115,6,2,18,4,0
917,115,8,4,2,3,1
918,115,7,4,11,2,1
919,115,4,6,15,6,1
920,116,31,2,10,6,0
921,116,9,5,1,5,1
922,116,12,1,26,2,0
923,116,0,4,19,6,0
924,116,23,4,29,2,1
925,116,18,9,14,3,1
926,116,17,10,24,2,1
927,116,27,7,6,3,1
928,117,25,3,22,5,0
929,117,5,3,2,3,1
930,117,20,8,21,5,1
931,117,8,4,13,9,0
932,117,16,0,30,1,0
933,117,28,6,3,2,1
934,117,8,3,16,2,1
935,117,2,3,17,4,0
936,118,6,4,5,8,0
937,118,15,5,12,6,0
938,118,19,3,4,3,1
939,118,26,1,21,4,0
940,118,31,4,11,3,1
941,118,25,8,10,7,1
942,118,7,2,24,1,1
943,118,30,4,27,3,1
944,119,3,2,22,3,0
945,119,20,5,1,5,0
946,119,0,3,28,4,0
947,119,14,10,9,2,1
948,119,29,4,18,1,1
949,119,23,1,13,1,0
950,119,18,5,7,5,1
951,119,20,5,12,4,1
952,120,11,5,16,3,1
953,120,0,6,22,3,1
954,120,31,4,23,0,1
955,120,10,2,30,4,0
956,120,29,8,3,1,1
957,120,21,5,17,3,1
958,120,4,4,28,1,1
959,120,9,9,8,3,1
960,121,26,4,27,1,1
961,121,1,1,14,5,0
962,121,19,4,2,2,1
963,121,13,3,25,1,1
964,121,24,4,5,4,0
965,121,15,2,6,1,1
966,121,8,4,6,6,0
967,121,2,8,25,2,1
968,122,5,2,19,5,0
969,122,23,2,9,3,0
970,122,21,7,1,2,1
971,122,11,6,12,1,1
972,122,0,7,24,6,1
973,122,31,3,27,3,1
974,122,22,10,10,2,1
975,122,14,5,18,5,1
976,123,7,3,20,2,1
977,123,13,2,28,2,1
978,123,3,3,17,1,1
979,123,29,3,15,3,0
980,123,30,3,26,5,0
981,123,4,4,16,3,1
982,123,13,3,22,2,1
983,123,3,4,6,4,1
984,124,24,3,12,3,1
985,124,23,3,4,4,0
986,124,5,1,19,1,1
987,124,15,7,0,3,1
988,124,10,6,14,5,1
989,124,20,3,31,0,1
990,124,27,1,18,2,0
991,124,11,1,30,1,0
992,125,2,6,28,1,1
993,125,26,5,1,0,1
994,125,21,4,25,0,1
995,125,9,1,7,0,1
996,125,8,5,17,5,0
997,125,29,3,16,2,1
998,125,22,5,21,5,1
999,125,25,6,1,3,1
1000,126,19,5,15,1,1
1001,126,26,2,28,1,1
1002,126,27,5,5,3,1
1003,126,20,9,6,4,1
1004,126,18,7,24,2,1
1005,126,11,2,3,2,1
1006,126,8,2,7,6,0
1007,126,14,5,29,5,0
1008,127,16,2,31,1,1
1009,127,2,3,9,4,0
1010,127,13,3,12,4,0
1011,127,30,1,17,2,0
1012,127,0,6,23,5,1
1013,127,4,6,10,4,1
1014,127,11,2,30,2,1
1015,127,0,5,15,6,0
1016,128,16,0,6,3,0
1017,128,17,1,7,2,0
1018,128,22,5,18,2,1
1019,128,25,3,9,6,0
1020,128,20,6,23,2,1
1021,128,28,2,2,4,0
1022,128,3,2,12,1,1
1023,128,5,2,1,6,0
1024,129,26,5,4,2,1
1025,129,29,6,8,5,1
1026,129,10,8,31,1,1
1027,129,19,3,13,0,1
1028,129,24,2,21,4,0
1029,129,14,3,27,4,0
1030,129,10,6,1,2,1
1031,129,3,2,15,3,0
1032,130,0,2,22,4,0
1033,130,25,3,6,4,0
1034,130,26,4,27,3,1
1035,130,11,4,16,2,1
1036,130,20,4,23,1,1
1037,130,4,3,18,4,0
1038,130,5,3,7,2,1
1039,130,17,3,9,3,0
1040,131,2,4,14,3,1
1041,131,13,2,8,3,0
1042,131,30,4,24,1,1
1043,131,12,13,31,2,1
1044,131,21,1,19,2,0
1045,131,29,4,28,2,1
1046,131,5,2,3,1,1
1047,131,24,1,17,2,0
1048,132,12,3,10,2,1
1049,132,19,3,4,0,1
1050,132,6,4,13,3,1
1051,132,23,5,14,0,1
1052,132,28,4,2,2,1
1053,132,21,3,31,0,1
1054,132,29,3,11,3,0
1055,132,25,7,9,2,1
1056,133,18,12,8,4,1
1057,133,0,4,27,4,1
1058,133,26,7,16,1,1
1059,133,15,2,22,4,0
1060,133,20,5,30,0,1
1061,133,7,3,1,2,1
1062,133,4,7,7,6,1
1063,133,10,9,16,2,1
1064,134,11,1,22,4,0
1065,134,31,5,27,3,1
1066,134,21,5,5,5,1
1067,134,24,2,12,7,0
1068,134,0,3,15,4,0
1069,134,29,5,1,2,1
1070,134,20,4,30,1,1
1071,134,18,6,25,2,1
1072,135,28,1,19,2,0
1073,135,13,4,2,2,1
1074,135,17,2,23,1,1
1075,135,9,9,6,2,1
1076,135,26,1,3,3,0
1077,135,14,5,8,5,1
1078,135,2,2,6,0,1
1079,135,23,2,0,2,1
1080,136,29,5,9,3,1
1081,136,19,2,11,1,1
1082,136,26,4,30,2,1
1083,136,15,3,21,4,0
1084,136,8,4,7,4,1
1085,136,27,6,14,5,1
1086,136,20,1,18,1,0
1087,136,22,3,16,0,1
1088,137,24,4,1,0,1
1089,137,10,1,25,3,0
1090,137,31,1,3,4,0
1091,137,13,6,12,1,1
1092,137,17,6,5,3,1
1093,137,28,4,4,0,1
1094,137,3,4,19,2,1
1095,137,7,5,9,4,1
1096,138,0,3,30,7,0
1097,138,8,3,20,5,0
1098,138,24,3,6,6,0
1099,138,13,2,11,1,1
1100,138,5,2,2,6,0
1101,138,18,4,23,2,1
1102,138,29,6,16,3,1
1103,138,27,2,1,6,0
1104,139,22,4,26,3,1
1105,139,25,3,14,2,1
1106,139,4,9,10,4,1
1107,139,17,5,15,0,1
1108,139,31,4,21,2,1
1109,139,12,3,28,6,0
1110,139,20,4,8,8,0
1111,139,0,11,6,3,1
1112,140,16,2,15,1,1
1113,140,25,5,28,1,1
1114,140,10,1,3,5,0
1115,140,30,5,4,5,1
1116,140,2,3,21,7,0
1117,140,31,3,14,4,0
1118,140,1,5,5,5,0
1119,140,22,10,7,3,1
1120,141,12,3,27,2,1
1121,141,26,5,11,3,1
1122,141,29,9,19,2,1
1123,141,9,7,23,2,1
1124,141,13,4,17,1,1
1125,141,18,8,24,4,1
1126,141,17,3,10,3,0
1127,141,30,3,16,3,1
1128,142,28,6,12,2,1
1129,142,23,4,7,4,1
1130,142,25,4,19,4,0
1131,142,20,4,27,1,1
1132,142,5,7,24,1,1
1133,142,4,4,13,1,1
1134,142,1,7,18,5,1
1135,142,11,4,21,0,1
1136,143,2,1,0,2,0
1137,143,26,4,9,6,0
1138,143,8,3,31,6,0
1139,143,22,7,15,2,1
1140,143,14,1,29,4,0
1141,143,3,7,6,2,1
1142,143,26,2,0,1,1
1143,143,24,4,13,5,0
1144,144,5,6,25,3,1
1145,144,12,2,21,4,0
1146,144,3,5,29,2,1
1147,144,9,5,11,1,1
1148,144,20,2,30,1,1
1149,144,2,1,17,1,0
1150,144,10,3,31,4,0
1151,144,16,2,18,2,0
1152,145,19,6,8,3,1
1153,145,7,4,23,2,1
1154,145,27,5,4,5,0
1155,145,14,10,1,5,1
1156,145,28,3,15,3,0
1157,145,22,5,6,4,1
1158,145,2,4,30,2,1
1159,145,22,6,19,1,1
1160,146,28,3,12,3,1
1161,146,27,7,8,6,1
1162,146,10,3,17,3,1
1163,146,5,2,23,0,1
1164,146,24,0,31,1,0
1165,146,26,3,18,3,1
1166,146,16,5,4,3,1
1167,146,7,3,9,3,1
1168,147,3,4,20,2,1
1169,147,29,2,21,9,0
1170,147,0,4,6,6,0
1171,147,14,7,13,4,1
1172,147,25,5,15,7,0
1173,147,1,8,11,1,1
1174,147,26,7,23,1,1
1175,147,29,7,10,4,1
1176,148,1,5,28,4,1
1177,148,27,3,30,4,0
1178,148,20,7,4,5,1
1179,148,11,2,9,7,0
1180,148,17,5,5,4,1
1181,148,14,6,22,4,1
1182,148,13,2,31,2,0
1183,148,19,5,24,2,1
1184,149,0,4,18,6,0
1185,149,12,2,25,4,0
1186,149,8,1,3,3,0
1187,149,6,3,21,2,1
1188,149,15,2,2,4,0
1189,149,16,3,7,3,1
1190,149,25,2,7,4,0
1191,149,27,3,29,3,1
1192,150,10,4,9,3,1
1193,150,17,4,18,4,1
1194,150,13,8,21,2,1
1195,150,3,4,2,1,1
1196,150,31,4,23,3,1
1197,150,16,4,4,3,1
1198,150,19,5,15,2,1
1199,150,1,1,22,7,0
1200,151,12,2,6,5,0
1201,151,26,2,14,1,1
1202,151,30,6,8,3,1
1203,151,11,0,20,5,0
1204,151,28,6,0,3,1
1205,151,5,4,24,1,1
1206,151,21,7,25,3,1
1207,151,6,1,30,6,0
1208,152,16,3,18,4,0
1209,152,5,4,28,4,1
1210,152,12,3,19,2,1
1211,152,14,2,13,6,0
1212,152,23,3,20,3,1
1213,152,26,3,15,1,1
1214,152,2,6,8,4,1
1215,152,4,5,17,3,1
1216,153,27,5,1,3,1
1217,153,22,8,24,1,1
1218,153,29,6,31,4,1
1219,153,10,1,7,4,0
1220,153,3,6,11,2,1
1221,153,9,11,0,6,1
1222,153,3,3,16,1,1
1223,153,26,4,6,1,1
1224,154,17,5,20,3,1
1225,154,14,4,29,4,0
1226,154,12,3,27,2,1
1227,154,1,1,7,7,0
1228,154,0,4,31,3,1
1229,154,15,5,18,5,1
1230,154,10,2,21,3,0
1231,154,9,8,11,1,1
1232,155,22,2,25,3,0
1233,155,4,2,30,3,0
1234,155,13,2,24,2,1
1235,155,28,7,19,3,1
1236,155,2,5,23,5,0
1237,155,5,7,8,4,1
1238,155,7,4,3,3,1
1239,155,17,1,15,4,0
1240,156,18,3,20,5,0
1241,156,29,4,6,2,1
1242,156,30,4,14,5,0
1243,156,21,5,26,2,1
1244,156,27,9,8,1,1
1245,156,12,4,16,4,0
1246,156,13,4,22,4,1
1247,156,19,3,0,4,0
1248,157,2,2,4,4,0
1249,157,10,3,28,1,1
1250,157,23,5,31,4,1
1251,157,25,4,5,1,1
1252,157,24,2,9,4,0
1253,157,11,3,1,3,0
1254,157,10,7,16,2,1
1255,157,18,3,21,3,0
1256,158,26,2,5,4,0
1257,158,28,4,2,4,1
1258,158,20,5,11,5,0
1259,158,6,3,25,3,0
1260,158,14,5,9,4,1
1261,158,23,3,7,1,1
1262,158,1,2,0,6,0
1263,158,27,3,8,4,0
1264,159,15,7,12,4,1
1265,159,22,4,17,0,1
1266,159,29,5,24,4,1
1267,159,30,5,13,1,1
1268,159,31,3,3,0,1
1269,159,19,3,4,7,0
1270,159,5,4,13,3,1
1271,159,2,1,16,3,0
1272,160,0,5,26,0,1
1273,160,21,7,8,3,1
1274,160,3,6,15,3,1
1275,160,14,4,7,5,0
1276,160,19,3,4,2,1
1277,160,18,8,20,1,1
1278,160,31,5,23,0,1
1279,160,9,6,1,3,1
1280,161,11,3,12,6,0
1281,161,17,0,27,2,0
1282,161,22,8,24,6,1
1283,161,29,6,25,2,1
1284,161,10,2,28,5,0
1285,161,6,5,30,1,1
1286,161,26,6,21,1,1
1287,161,19,4,10,1,1
1288,162,23,3,13,3,0
1289,162,30,7,4,5,1
1290,162,16,1,3,4,0
1291,162,2,2,20,2,1
1292,162,24,4,22,7,0
1293,162,15,5,8,1,1
1294,162,11,4,31,2,1
1295,162,12,4,14,5,0
1296,163,27,5,7,3,1
1297,163,18,5,29,3,1
1298,163,0,10,6,5,1
1299,163,9,4,17,0,1
1300,163,28,4,25,0,1
1301,163,1,5,5,5,0
1302,163,13,1,30,3,0
1303,163,4,6,0,5,1
1304,164,21,1,11,4,0
1305,164,25,4,22,3,1
1306,164,7,2,18,0,1
1307,164,15,5,14,3,1
1308,164,31,6,27,4,1
1309,164,29,6,8,2,1
1310,164,26,5,16,3,1
1311,164,3,7,24,1,1
1312,165,12,6,9,5,1
1313,165,10,8,6,4,1
1314,165,5,5,2,1,1
1315,165,19,1,23,2,0
1316,165,1,4,28,4,0
1317,165,20,3,17,5,0
1318,165,27,3,11,3,1
1319,165,6,3,28,4,0
1320,166,13,1,16,1,1
1321,166,31,1,26,1,0
1322,166,24,2,22,7,0
1323,166,1,6,4,2,1
1324,166,18,6,3,1,1
1325,166,2,3,20,4,0
1326,166,17,3,21,8,0
1327,166,7,5,29,2,1
1328,167,8,2,5,6,0
1329,167,19,5,23,1,1
1330,167,10,4,15,5,0
1331,167,0,3,25,7,0
1332,167,9,3,14,6,0
1333,167,30,9,12,1,1
1334,167,26,9,28,4,1
1335,167,14,6,4,4,1
1336,168,20,5,13,2,1
1337,168,27,1,31,6,0
1338,168,25,7,30,3,1
1339,168,9,3,2,4,0
1340,168,19,1,3,6,0
1341,168,7,0,0,2,0
1342,168,5,4,17,7,0
1343,168,15,5,16,0,1
1344,169,11,5,1,4,1
1345,169,29,6,10,4,1
1346,169,6,4,24,3,1
1347,169,21,7,23,3,1
1348,169,18,7,12,4,1
1349,169,8,1,22,7,0
1350,169,4,3,17,1,1
1351,169,24,4,15,6,0
1352,170,19,1,23,2,0
1353,170,14,4,30,6,0
1354,170,6,8,1,2,1
1355,170,18,12,0,3,1
1356,170,20,2,16,1,1
1357,170,12,6,8,6,0
1358,170,21,2,9,4,0
1359,170,10,2,25,2,1
1360,171,5,4,31,1,1
1361,171,28,1,29,4,0
1362,171,7,2,22,4,0
1363,171,3,5,2,2,1
1364,171,27,4,13,5,0
1365,171,11,2,26,2,1
1366,171,16,2,10,1,1
1367,171,0,4,20,6,0
1368,172,24,4,18,5,0
1369,172,29,2,23,1,1
1370,172,19,4,31,3,1
1371,172,28,4,4,5,0
1372,172,12,3,7,2,1
1373,172,3,3,2,0,1
1374,172,13,5,26,0,1
1375,172,14,4,8,4,0
1376,173,11,3,9,1,1
1377,173,21,6,1,2,1
1378,173,27,2,5,3,0
1379,173,6,5,15,5,0
1380,173,17,5,30,1,1
1381,173,25,1,22,5,0
1382,173,13,4,3,1,1
1383,173,6,4,15,5,0
1384,174,17,4,10,5,0
1385,174,1,1,26,5,0
1386,174,22,5,23,0,1
1387,174,31,0,20,6,0
1388,174,29,6,25,3,1
1389,174,4,7,5,5,1
1390,174,14,4,21,4,1
1391,174,8,5,30,4,1
1392,175,28,3,7,4,0
1393,175,19,8,0,1,1
1394,175,9,4,16,0,1
1395,175,24,5,27,3,1
1396,175,12,0,2,2,0
1397,175,11,2,18,7,0
1398,175,16,5,19,3,1
1399,175,0,6,8,5,1
1400,176,9,7,2,1,1
1401,176,10,4,4,7,0
1402,176,15,2,29,2,1
1403,176,13,1,20,2,0
1404,176,18,1,17,0,1
1405,176,1,1,31,2,0
1406,176,22,3,27,3,1
1407,176,3,2,23,3,0
1408,177,6,8,25,6,1
1409,177,30,1,5,5,0
1410,177,21,6,11,4,1
1411,177,28,6,12,3,1
1412,177,24,1,26,4,0
1413,177,7,1,14,5,0
1414,177,0,3,27,4,0
1415,177,14,5,20,2,1
1416,178,11,3,4,4,0
1417,178,16,3,29,4,0
1418,178,2,4,19,6,0
1419,178,30,9,15,3,1
1420,178,24,2,26,3,0
1421,178,12,5,23,3,1
1422,178,7,3,21,3,0
1423,178,9,4,25,2,1
1424,179,28,4,3,0,1
1425,179,10,3,31,3,1
1426,179,17,5,6,1,1
1427,179,13,4,22,1,1
1428,179,8,10,5,6,1
1429,179,1,9,18,5,1
1430,179,3,3,26,2,1
1431,179,6,1,20,2,0
1432,180,16,3,11,1,1
1433,180,25,5,15,3,1
1434,180,24,7,0,6,1
1435,180,8,2,17,2,0
1436,180,18,5,29,2,1
1437,180,9,3,27,4,0
1438,180,30,1,14,2,0
1439,180,13,5,12,3,1
1440,181,5,8,10,4,1
1441,181,23,2,19,7,0
1442,181,1,5,7,5,1
1443,181,2,2,21,2,1
1444,181,31,3,28,1,1
1445,181,22,10,4,1,1
1446,181,18,6,9,2,1
1447,181,3,2,12,2,0
1448,182,7,7,4,4,1
1449,182,15,6,6,3,1
1450,182,21,3,1,3,1
1451,182,24,2,11,3,0
1452,182,16,3,28,4,0
1453,182,30,5,10,1,1
1454,182,31,1,26,2,0
1455,182,8,7,0,2,1
1456,183,13,1,20,2,0
1457,183,23,6,19,5,1
1458,183,2,1,22,3,0
1459,183,14,1,17,3,0
1460,183,25,4,5,5,0
1461,183,29,2,27,4,0
1462,183,16,2,12,3,0
1463,183,25,6,28,3,1
1464,184,1,4,9,6,0
1465,184,8,2,20,6,0
1466,184,2,4,31,1,1
1467,184,27,4,26,5,0
1468,184,3,6,14,1,1
1469,184,15,8,24,4,1
1470,184,5,6,11,2,1
1471,184,7,6,4,5,1
1472,185,17,2,21,3,0
1473,185,29,3,10,2,1
1474,185,6,1,19,3,0
1475,185,13,3,23,3,0
1476,185,22,6,30,2,1
1477,185,0,4,18,5,0
1478,185,23,3,3,3,1
1479,185,7,5,10,2,1
1480,186,27,7,16,3,1
1481,186,8,6,15,3,1
1482,186,26,2,22,1,1
1483,186,13,5,2,5,0
1484,186,6,2,17,3,0
1485,186,30,6,12,1,1
1486,186,20,3,1,3,0
1487,186,14,5,9,1,1
1488,187,11,2,25,5,0
1489,187,28,6,24,3,1
1490,187,18,7,4,5,1
1491,187,0,6,5,4,1
1492,187,21,6,19,2,1
1493,187,31,0,29,1,0
1494,187,22,8,23,1,1
1495,187,16,4,0,3,1
1496,188,8,7,12,5,1
1497,188,3,6,24,3,1
1498,188,1,5,17,6,0
1499,188,21,5,10,3,1
1500,188,13,2,15,2,1
1501,188,30,7,26,0,1
1502,188,20,2,31,2,0
1503,188,29,3,28,0,1
1504,189,18,7,5,1,1
1505,189,6,2,27,1,1
1506,189,19,4,9,3,1
1507,189,4,11,14,5,1
1508,189,25,5,7,3,1
1509,189,2,7,11,2,1
1510,189,8,5,31,4,1
1511,189,20,4,14,4,1
1512,190,4,10,9,2,1
1513,190,5,1,22,3,0
1514,190,15,1,26,3,0
1515,190,1,5,24,2,1
1516,190,28,6,23,0,1
1517,190,12,8,3,3,1
1518,190,2,4,27,7,0
1519,190,25,3,0,6,0
1520,191,30,1,11,1,1
1521,191,6,4,21,5,0
1522,191,29,6,10,0,1
1523,191,7,3,17,1,1
1524,191,18,3,13,4,0
1525,191,16,0,19,3,0
1526,191,16,0,15,2,0
1527,191,21,2,10,2,0
1528,192,20,4,30,4,1
1529,192,25,4,14,2,1
1530,192,23,2,7,3,0
1531,192,5,7,18,2,1
1532,192,24,4,4,7,0
1533,192,2,4,3,0,1
1534,192,12,3,31,2,1
1535,192,29,2,9,6,0
1536,193,8,2,6,10,0
1537,193,19,3,17,1,1
1538,193,11,1,22,5,0
1539,193,1,4,27,4,0
1540,193,0,3,13,3,1
1541,193,26,3,28,3,1
1542,193,23,2,21,6,0
1543,193,17,4,13,0,1
1544,194,0,4,14,5,0
1545,194,18,0,19,3,0
1546,194,4,9,15,1,1
1547,194,2,5,7,2,1
1548,194,28,1,5,5,0
1549,194,16,2,20,4,0
1550,194,31,6,26,2,1
1551,194,1,4,6,7,0
1552,195,30,2,25,6,0
1553,195,8,6,27,8,0
1554,195,24,6,10,8,0
1555,195,29,4,22,1,1
1556,195,3,1,9,5,0
1557,195,11,6,12,5,1
1558,195,25,6,17,4,1
1559,195,15,4,31,2,1
1560,196,3,4,18,2,1
1561,196,29,3,22,4,0
1562,196,14,3,21,5,0
1563,196,4,5,23,1,1
1564,196,28,4,5,8,0
1565,196,6,3,11,3,1
1566,196,30,7,8,4,1
1567,196,0,3,10,1,1
1568,197,1,7,19,2,1
1569,197,26,4,12,4,1
1570,197,27,1,24,3,0
1571,197,13,6,9,3,1
1572,197,16,4,20,4,1
1573,197,2,2,7,1,1
1574,197,7,3,3,5,0
1575,197,25,1,13,3,0
1576,198,1,9,10,5,1
1577,198,11,4,21,2,1
1578,198,26,6,27,5,1
1579,198,30,9,8,4,1
1580,198,28,5,2,4,1
1581,198,6,2,5,5,0
1582,198,24,2,4,3,0
1583,198,18,3,17,2,1
1584,199,0,4,31,3,1
1585,199,19,2,14,6,0
1586,199,15,4,23,4,1
1587,199,20,5,22,10,0
1588,199,16,6,12,2,1
1589,199,9,2,29,4,0
1590,199,25,0,22,1,0
1591,199,5,2,26,1,1
1592,200,29,4,1,4,1
1593,200,20,6,0,4,1
1594,200,13,4,10,4,1
1595,200,24,4,31,3,1
1596,200,16,0,7,2,0
1597,200,8,4,21,2,1
1598,200,12,6,11,3,1
1599,200,17,4,30,0,1
1600,201,6,2,3,8,0
1601,201,18,3,28,4,0
1602,201,27,8,4,9,0
1603,201,9,0,15,2,0
1604,201,2,7,19,3,1
1605,201,23,2,14,2,0
1606,201,1,5,19,4,1
1607,201,31,1,10,4,0
1608,202,28,2,25,1,1
1609,202,21,6,12,2,1
1610,202,24,1,29,2,0
1611,202,22,5,16,1,1
1612,202,6,8,27,3,1
1613,202,18,6,23,3,1
1614,202,11,2,0,4,0
1615,202,9,7,30,2,1
1616,203,4,3,7,4,0
1617,203,26,2,15,2,1
1618,203,14,3,3,1,1
1619,203,13,2,5,4,0
1620,203,20,5,2,4,1
1621,203,8,2,17,2,1
1622,203,6,5,1,6,0
1623,203,23,6,10,2,1
1624,204,27,3,15,2,1
1625,204,2,2,30,4,0
1626,204,28,4,14,2,1
1627,204,29,3,31,1,1
1628,204,25,2,13,3,0
1629,204,4,8,26,3,1
1630,204,11,2,21,2,0
1631,204,5,4,9,2,1
1632,205,22,8,16,4,1
1633,205,20,7,8,3,1
1634,205,3,2,0,3,0
1635,205,12,2,19,2,0
1636,205,17,0,7,3,0
1637,205,18,3,24,2,1
1638,205,6,3,3,3,1
1639,205,24,5,27,5,0
1640,206,8,7,1,4,1
1641,206,10,2,9,4,0
1642,206,18,2,22,5,0
1643,206,7,4,16,0,1
1644,206,30,1,15,5,0
1645,206,13,3,31,0,1
1646,206,14,4,4,5,0
1647,206,11,7,2,6,1
1648,207,23,2,17,2,1
1649,207,28,7,5,2,1
1650,207,19,1,29,1,0
1651,207,21,5,26,0,1
1652,207,20,1,12,4,0
1653,207,25,5,0,1,1
1654,207,19,3,27,2,1
1655,207,16,1,1,5,0
1656,208,31,0,7,1,0
1657,208,22,6,18,2,1
1658,208,5,6,12,5,1
1659,208,6,5,23,4,1
1660,208,17,3,21,3,0
1661,208,4,12,8,6,1
1662,208,10,5,0,4,1
1663,208,13,3,14,0,1
1664,209,29,2,26,1,1
1665,209,28,0,15,2,0
1666,209,3,3,2,4,0
1667,209,9,6,25,3,1
1668,209,30,5,11,1,1
1669,209,20,3,24,1,1
1670,209,14,3,22,4,0
1671,209,2,8,24,7,1
1672,210,15,6,31,3,1
1673,210,19,3,30,2,1
1674,210,1,3,11,8,0
1675,210,18,5,29,3,1
1676,210,25,3,13,1,1
1677,210,17,1,3,0,1
1678,210,16,1,7,3,0
1679,210,9,7,6,3,1
1680,211,27,3,23,3,1
1681,211,0,9,26,4,1
1682,211,4,8,8,1,1
1683,211,20,5,28,2,1
1684,211,10,8,12,2,1
1685,211,5,6,21,3,1
1686,211,25,2,23,4,0
1687,211,15,6,0,2,1
1688,212,27,3,7,5,0
1689,212,14,3,22,4,0
1690,212,6,3,2,6,0
1691,212,10,3,17,5,0
1692,212,13,7,8,4,1
1693,212,21,3,31,1,1
1694,212,12,5,28,3,1
1695,212,29,3,26,5,0
1696,213,3,2,30,1,1
1697,213,9,7,19,6,1
1698,213,11,5,5,4,1
1699,213,4,8,18,5,1
1700,213,1,3,16,5,0
1701,213,24,1,20,1,1
1702,213,25,3,15,8,0
1703,213,19,3,26,2,1
1704,214,28,5,1,1,1
1705,214,9,7,30,1,1
1706,214,22,6,16,3,1
1707,214,29,6,5,3,1
1708,214,2,5,3,3,1
1709,214,8,3,4,9,0
1710,214,23,2,14,3,0
1711,214,20,8,0,2,1
1712,215,27,3,21,4,0
1713,215,13,1,18,4,0
1714,215,7,6,12,2,1
1715,215,11,3,10,2,1
1716,215,17,2,6,5,0
1717,215,24,9,31,3,1
1718,215,1,4,9,4,0
1719,215,27,3,11,2,1
1720,216,18,5,16,1,1
1721,216,2,3,7,3,1
1722,216,22,5,29,2,1
1723,216,0,2,21,3,0
1724,216,15,1,20,1,0
1725,216,3,1,12,5,0
1726,216,4,2,28,4,0
1727,216,24,5,10,0,1
1728,217,17,9,23,4,1
1729,217,26,2,14,2,1
1730,217,30,3,31,3,1
1731,217,6,6,19,4,1
1732,217,5,7,25,5,1
1733,217,8,4,13,6,0
1734,217,25,3,22,6,0
1735,217,29,8,24,5,1
1736,218,20,4,19,2,1
1737,218,2,3,3,3,1
1738,218,15,5,8,5,0
1739,218,9,6,30,3,1
1740,218,23,5,0,3,1
1741,218,31,2,12,4,0
1742,218,10,4,13,2,1
1743,218,26,4,17,1,1
1744,219,6,5,21,1,1
1745,219,18,8,14,0,1
1746,219,11,6,16,3,1
1747,219,5,6,27,2,1
1748,219,28,3,1,2,1
1749,219,4,2,7,4,0
1750,219,23,2,29,3,0
1751,219,0,3,11,4,0
1752,220,28,2,17,0,1
1753,220,6,4,19,3,1
1754,220,1,6,5,6,0
1755,220,3,4,31,1,1
1756,220,2,5,16,0,1
1757,220,12,3,13,1,1
1758,220,7,5,14,8,0
1759,220,24,3,9,5,0
1760,221,10,4,4,7,0
1761,221,22,10,27,3,1
1762,221,26,5,15,3,1
1763,221,25,2,21,7,0
1764,221,18,6,20,2,1
1765,221,8,1,30,4,0
1766,221,1,3,5,3,1
1767,221,2,6,4,2,1
1768,222,18,4,7,3,1
1769,222,25,1,28,6,0
1770,222,24,4,16,6,0
1771,222,26,2,0,2,1
1772,222,27,4,12,3,1
1773,222,11,4,20,5,0
1774,222,30,4,31,3,1
1775,222,21,13,29,4,1
1776,223,19,2,3,6,0
1777,223,9,3,6,6,0
1778,223,14,5,8,3,1
1779,223,15,4,17,2,1
1780,223,13,3,23,6,0
1781,223,22,7,10,2,1
1782,223,16,2,20,2,0
1783,223,12,7,14,5,1
1784,224,23,6,4,0,1
1785,224,3,6,27,1,1
1786,224,19,3,25,1,1
1787,224,15,4,24,3,1
1788,224,28,1,31,1,0
1789,224,13,6,10,3,1
1790,224,21,5,17,1,1
1791,224,30,5,6,2,1
1792,225,11,4,8,5,0
1793,225,7,5,2,2,1
1794,225,1,5,0,3,1
1795,225,18,6,22,4,1
1796,225,5,5,29,0,1
1797,225,26,7,9,2,1
1798,225,0,4,4,6,0
1799,225,9,3,31,2,1
1800,226,2,3,12,3,1
1801,226,11,4,15,2,1
1802,226,27,3,17,4,0
1803,226,18,3,23,1,1
1804,226,7,4,30,1,1
1805,226,8,6,6,5,1
1806,226,13,4,3,2,1
1807,226,25,3,19,4,0
1808,227,20,3,24,1,1
1809,227,14,5,29,6,0
1810,227,1,9,10,7,1
1811,227,28,3,26,2,1
1812,227,21,7,22,6,1
1813,227,5,5,16,1,1
1814,227,4,5,8,7,0
1815,227,16,1,17,5,0
1816,228,26,1,30,0,1
1817,228,24,1,11,1,0
1818,228,22,5,6,3,1
1819,228,25,2,20,2,1
1820,228,28,7,23,1,1
1821,228,0,3,19,2,1
1822,228,2,6,31,4,1
1823,228,14,7,27,3,1
1824,229,3,5,5,2,1
1825,229,21,3,10,5,0
1826,229,1,2,29,5,0
1827,229,18,2,7,5,0
1828,229,13,5,9,2,1
1829,229,15,8,12,3,1
1830,229,24,1,20,4,0
1831,229,28,4,26,3,1
1832,230,6,5,10,3,1
1833,230,25,3,16,1,1
1834,230,15,7,3,2,1
1835,230,23,1,31,3,0
1836,230,22,9,30,3,1
1837,230,7,4,12,2,1
1838,230,1,5,27,4,1
1839,230,29,2,19,1,1
1840,231,8,2,14,5,0
1841,231,11,8,13,5,1
1842,231,9,2,17,2,1
1843,231,18,2,4,4,0
1844,231,0,4,2,7,0
1845,231,5,5,21,3,1
1846,231,7,8,0,3,1
1847,231,15,6,24,3,1
1848,232,17,3,30,1,1
1849,232,3,4,19,0,1
1850,232,16,1,11,5,0
1851,232,31,3,14,6,0
1852,232,12,3,23,4,0
1853,232,6,2,21,4,0
1854,232,1,5,2,1,1
1855,232,18,4,27,2,1
1856,233,8,4,26,2,1
1857,233,5,2,20,4,0
1858,233,10,2,22,11,0
1859,233,9,11,4,3,1
1860,233,28,4,25,3,1
1861,233,29,1,13,3,0
1862,233,30,2,7,1,1
1863,233,27,9,4,3,1
1864,234,0,2,13,4,0
1865,234,21,6,12,0,1
1866,234,15,4,1,0,1
1867,234,23,9,6,4,1
1868,234,9,5,8,4,1
1869,234,16,2,17,1,1
1870,234,5,4,29,3,1
1871,234,18,4,2,1,1
1872,235,19,2,3,1,1
1873,235,22,4,28,2,1
1874,235,20,1,25,3,0
1875,235,26,5,14,4,1
1876,235,11,2,31,3,0
1877,235,10,4,24,3,1
1878,235,0,3,20,6,0
1879,235,25,4,10,2,1
1880,236,2,1,15,5,0
1881,236,23,4,8,4,0
1882,236,7,2,26,0,1
1883,236,21,4,3,3,1
1884,236,18,4,12,2,1
1885,236,27,1,17,2,0
1886,236,5,7,4,8,0
1887,236,19,10,24,0,1
1888,237,1,2,22,4,0
1889,237,30,2,16,2,0
1890,237,14,3,28,4,0
1891,237,9,3,11,3,1
1892,237,6,10,29,5,1
1893,237,31,5,13,1,1
1894,237,15,9,27,6,1
1895,237,18,8,1,4,1
1896,238,20,3,3,0,1
1897,238,13,7,0,4,1
1898,238,23,9,8,0,1
1899,238,28,4,9,5,0
1900,238,26,5,16,4,1
1901,238,22,3,29,4,0
1902,238,6,8,24,3,1
1903,238,19,2,5,5,0
1904,239,25,3,31,0,1
1905,239,12,4,7,3,1
1906,239,10,8,11,5,1
1907,239,4,4,30,4,1
1908,239,2,2,17,3,0
1909,239,14,6,21,2,1
1910,239,3,3,6,3,1
1911,239,29,4,13,4,1
1912,240,30,6,1,2,1
1913,240,22,3,23,3,1
1914,240,7,8,19,2,1
1915,240,10,6,17,3,1
1916,240,12,7,0,2,1
1917,240,20,8,31,2,1
1918,240,28,4,14,2,1
1919,240,9,1,16,3,0
1920,241,2,4,24,2,1
1921,241,27,7,21,5,1
1922,241,11,4,18,5,0
1923,241,4,6,15,4,1
1924,241,25,5,8,7,0
1925,241,5,2,26,1,1
1926,241,10,4,28,0,1
1927,241,11,4,30,1,1
1928,242,29,4,5,3,1
1929,242,13,5,4,5,1
1930,242,17,5,27,1,1
1931,242,9,4,22,7,0
1932,242,12,2,3,0,1
1933,242,16,2,20,5,0
1934,242,2,4,8,6,0
1935,242,1,5,26,6,0
1936,243,31,3,23,2,1
1937,243,15,6,0,2,1
1938,243,25,2,7,3,0
1939,243,6,3,21,6,0
1940,243,24,1,18,6,0
1941,243,19,1,14,1,1
1942,243,17,2,13,2,1
1943,243,10,4,7,2,1
1944,244,2,3,27,3,0
1945,244,24,5,18,0,1
1946,244,0,2,3,6,0
1947,244,31,2,9,1,1
1948,244,16,2,15,2,0
1949,244,5,5,22,8,0
1950,244,1,3,19,1,1
1951,244,25,3,12,2,1
1952,245,6,10,23,5,1
1953,245,29,3,30,1,1
1954,245,14,10,20,3,1
1955,245,21,4,26,6,0
1956,245,4,7,8,5,1
1957,245,28,4,11,1,1
1958,245,13,2,11,3,0
1959,245,12,0,26,6,0
1960,246,25,5,0,6,0
1961,246,24,2,3,4,0
1962,246,15,2,9,1,1
1963,246,23,7,7,3,1
1964,246,5,7,1,2,1
1965,246,10,2,18,3,0
1966,246,27,4,6,2,1
1967,246,30,1,22,2,0
1968,247,19,2,29,2,1
1969,247,8,6,28,7,0
1970,247,14,3,20,5,0
1971,247,21,0,17,3,0
1972,247,2,3,4,2,1
1973,247,31,3,16,2,1
1974,247,17,3,23,2,1
1975,247,30,2,6,1,1
1976,248,0,3,28,1,1
1977,248,7,7,16,0,1
1978,248,8,4,13,2,1
1979,248,19,11,2,1,1
1980,248,12,4,18,7,0
1981,248,9,6,14,6,0
1982,248,20,5,27,2,1
1983,248,15,0,29,5,0
1984,249,25,1,21,6,0
1985,249,3,5,24,1,1
1986,249,4,4,5,2,1
1987,249,1,4,31,3,1
1988,249,10,4,22,7,0
1989,249,11,1,26,2,0
1990,249,1,4,20,6,0
1991,249,31,6,12,2,1
1992,250,16,1,17,1,1
1993,250,19,6,23,3,1
1994,250,27,3,11,0,1
1995,250,22,2,25,2,1
1996,250,9,6,0,3,1
1997,250,4,2,28,1,1
1998,250,13,4,5,5,0
1999,250,2,6,15,3,1
2000,251,24,2,14,9,0
2001,251,8,4,6,7,0
2002,251,3,1,30,3,0
2003,251,26,3,29,1,1
2004,251,18,8,10,3,1
2005,251,21,2,7,2,0
2006,251,7,3,1,2,1
2007,251,24,2,30,2,0
2008,252,19,3,13,1,1
2009,252,25,2,12,3,0
2010,252,20,3,18,3,0
2011,252,11,2,31,1,1
2012,252,6,3,29,7,0
2013,252,2,2,8,4,0
2014,252,9,6,5,5,1
2015,252,0,2,10,13,0
2016,253,21,4,17,0,1
2017,253,26,3,14,2,1
2018,253,3,8,4,1,1
2019,253,28,0,22,4,0
2020,253,16,1,15,2,0
2021,253,23,2,27,7,0
2022,253,28,2,17,1,1
2023,253,2,6,26,4,1
2024,254,8,2,23,3,0
2025,254,12,4,13,3,1
2026,254,22,8,24,4,1
2027,254,9,8,29,1,1
2028,254,18,6,30,2,1
2029,254,7,6,27,0,1
2030,254,21,14,31,1,1
2031,254,0,2,6,3,0
2032,255,5,6,10,4,1
2033,255,14,7,20,0,1
2034,255,16,4,4,1,1
2035,255,3,4,1,3,1
2036,255,11,7,19,3,1
2037,255,25,6,15,5,1
2038,255,25,3,10,7,0
2039,255,21,4,9,1,1
2040,256,7,2,29,2,1
2041,256,20,3,19,2,1
2042,256,12,6,23,6,1
2043,256,15,5,3,1,1
2044,256,13,6,5,3,1
2045,256,1,7,14,6,1
2046,256,8,2,26,4,0
2047,256,31,3,22,6,0
2048,257,18,2,17,1,1
2049,257,6,5,28,1,1
2050,257,16,1,2,2,0
2051,257,27,5,24,1,1
2052,257,4,4,0,3,1
2053,257,30,7,11,0,1
2054,257,16,2,11,4,0
2055,257,22,4,3,2,1
2056,258,30,6,31,4,1
2057,258,15,2,18,1,1
2058,258,4,6,1,4,1
2059,258,0,6,8,1,1
2060,258,7,3,12,2,1
2061,258,14,9,20,4,1
2062,258,6,4,23,3,1
2063,258,27,3,19,3,1
2064,259,10,6,13,4,1
2065,259,21,2,9,2,1
2066,259,5,4,2,1,1
2067,259,28,1,17,5,0
2068,259,26,10,24,4,1
2069,259,25,0,29,6,0
2070,259,4,8,1,4,1
2071,259,25,3,5,2,1
2072,260,17,3,20,1,1
2073,260,23,3,22,2,1
2074,260,27,4,31,3,1
2075,260,14,7,8,7,0
2076,260,9,5,13,1,1
2077,260,16,4,6,1,1
2078,260,18,3,0,5,0
2079,260,26,1,2,1,1
2080,261,28,6,12,1,1
2081,261,15,7,24,1,1
2082,261,30,3,21,0,1
2083,261,7,7,10,2,1
2084,261,3,5,11,0,1
2085,261,29,1,19,0,1
2086,261,27,3,12,5,0
2087,261,16,1,1,3,0
2088,262,2,3,24,5,0
2089,262,10,10,18,4,1
2090,262,5,8,4,6,1
2091,262,15,9,20,3,1
2092,262,0,3,25,2,1
2093,262,28,2,19,1,1
2094,262,3,5,11,2,1
2095,262,26,3,9,3,0
2096,263,17,2,22,3,0
2097,263,21,7,14,4,1
2098,263,31,4,7,1,1
2099,263,8,1,6,6,0
2100,263,23,5,13,1,1
2101,263,29,3,30,0,1
2102,263,22,9,0,3,1
2103,263,10,2,27,7,0
2104,264,23,3,28,3,0
2105,264,29,6,12,3,1
2106,264,17,5,25,3,1
2107,264,24,2,7,5,0
2108,264,3,1,5,2,0
2109,264,20,3,19,1,1
2110,264,15,2,14,3,0
2111,264,26,4,18,2,1
2112,265,6,4,9,5,0
2113,265,2,5,30,2,1
2114,265,8,3,1,5,0
2115,265,31,5,11,2,1
2116,265,16,5,13,4,1
2117,265,4,1,21,6,0
2118,265,8,5,28,8,0
2119,265,9,2,27,2,0
2120,266,20,3,30,2,1
2121,266,29,8,12,3,1
2122,266,23,5,4,2,1
2123,266,2,7,13,4,1
2124,266,25,6,0,5,1
2125,266,11,3,26,1,1
2126,266,16,2,1,4,0
2127,266,3,5,14,3,1
2128,267,7,9,15,4,1
2129,267,24,2,21,1,1
2130,267,31,2,5,4,0
2131,267,17,3,6,3,1
2132,267,10,1,19,6,0
2133,267,18,2,22,5,0
2134,267,0,2,21,7,0
2135,267,17,5,4,1,1
2136,268,6,6,15,2,1
2137,268,2,4,27,6,0
2138,268,31,0,9,4,0
2139,268,25,2,29,5,0
2140,268,8,2,16,5,0
2141,268,14,6,7,4,1
2142,268,28,4,19,3,1
2143,268,12,4,13,4,1
2144,269,20,1,5,3,0
2145,269,1,4,11,1,1
2146,269,23,2,30,2,1
2147,269,3,7,24,2,1
2148,269,22,6,26,1,1
2149,269,18,6,10,3,1
2150,269,15,7,8,5,1
2151,269,25,5,11,3,1
2152,270,0,2,29,5,0
2153,270,26,7,23,2,1
2154,270,12,2,13,2,0
2155,270,6,1,17,3,0
2156,270,31,2,21,4,0
2157,270,18,6,1,6,1
2158,270,3,4,22,1,1
2159,270,27,3,9,3,0
2160,271,4,5,28,2,1
2161,271,7,6,24,5,1
2162,271,30,3,16,4,0
2163,271,5,3,10,1,1
2164,271,14,2,19,5,0
2165,271,2,4,20,3,1
2166,271,9,6,19,2,1
2167,271,29,4,15,4,0
2168,272,12,7,31,4,1
2169,272,28,3,30,1,1
2170,272,25,6,8,3,1
2171,272,13,7,23,3,1
2172,272,14,7,4,3,1
2173,272,1,2,2,5,0
2174,272,0,3,17,2,1
2175,272,20,4,5,3,1
2176,273,27,2,16,5,0
2177,273,7,8,6,2,1
2178,273,18,6,22,5,1
2179,273,21,7,11,2,1
2180,273,26,1,3,2,0
2181,273,24,10,10,5,1
2182,273,12,4,4,7,0
2183,273,9,7,8,1,1
2184,274,10,4,31,3,1
2185,274,24,0,16,2,0
2186,274,0,4,25,3,1
2187,274,15,4,19,1,1
2188,274,14,4,20,4,0
2189,274,21,3,17,2,1
2190,274,18,5,2,2,1
2191,274,22,2,23,2,1
2192,275,3,3,11,3,1
2193,275,7,3,26,3,0
2194,275,27,2,30,1,1
2195,275,1,9,6,7,1
2196,275,5,3,28,3,0
2197,275,29,4,13,2,1
2198,275,18,3,11,1,1
2199,275,0,1,14,3,0
2200,276,4,6,21,7,0
2201,276,27,7,23,3,1
2202,276,22,4,28,2,1
2203,276,31,2,9,2,0
2204,276,26,3,17,2,1
2205,276,30,3,15,1,1
2206,276,25,8,12,6,1
2207,276,10,6,1,6,0
2208,277,19,2,3,2,0
2209,277,2,6,5,6,1
2210,277,16,2,24,1,1
2211,277,8,4,7,4,1
2212,277,13,2,20,2,1
2213,277,29,4,6,1,1
2214,277,24,4,14,3,1
2215,277,7,9,1,1,1
2216,278,4,4,29,4,1
2217,278,10,4,26,4,0
2218,278,17,0,22,4,0
2219,278,28,5,2,0,1
2220,278,12,5,27,7,0
2221,278,25,3,20,0,1
2222,278,19,5,13,2,1
2223,278,18,6,31,2,1
2224,279,16,3,9,0,1
2225,279,11,2,3,2,0
2226,279,21,2,5,1,1
2227,279,0,2,23,4,0
2228,279,6,3,30,3,0
2229,279,8,1,15,7,0
2230,279,31,6,10,2,1
2231,279,27,3,26,3,0
2232,280,29,4,23,3,1
2233,280,11,4,18,6,0
2234,280,0,8,1,7,1
2235,280,14,0,7,3,0
2236,280,24,3,25,1,1
2237,280,8,3,28,3,1
2238,280,3,5,19,5,0
2239,280,15,0,21,1,0
2240,281,22,8,5,1,1
2241,281,16,4,2,1,1
2242,281,6,5,13,1,1
2243,281,20,3,9,4,0
2244,281,12,1,30,2,0
2245,281,4,6,17,3,1
2246,281,21,1,14,5,0
2247,281,1,1,23,1,1
2248,282,22,9,11,3,1
2249,282,26,3,20,2,1
2250,282,6,4,13,5,0
2251,282,7,2,9,3,0
2252,282,2,1,3,0,1
2253,282,17,3,16,0,1
2254,282,10,9,8,6,1
2255,282,15,8,4,2,1
2256,283,25,2,29,3,0
2257,283,18,6,0,3,1
2258,283,12,5,5,5,0
2259,283,30,3,24,5,0
2260,283,27,2,28,6,0
2261,283,31,1,19,2,0
2262,283,22,3,5,2,1
2263,283,31,5,1,1,1
2264,284,15,6,9,5,1
2265,284,18,4,29,3,1
2266,284,11,7,8,2,1
2267,284,21,1,7,4,0
2268,284,24,1,19,1,0
2269,284,2,2,3,2,0
2270,284,13,6,27,5,1
2271,284,4,7,26,5,1
2272,285,16,2,17,4,0
2273,285,12,4,10,9,0
2274,285,30,3,14,2,1
2275,285,20,3,23,2,1
2276,285,25,4,0,2,1
2277,285,28,2,6,4,0
2278,285,16,3,9,10,0
2279,285,23,3,0,2,1
2280,286,3,2,18,0,1
2281,286,6,8,10,2,1
2282,286,19,5,15,3,1
2283,286,7,7,8,0,1
2284,286,22,5,27,2,1
2285,286,2,3,14,2,1
2286,286,12,2,20,3,0
2287,286,1,5,30,1,1
2288,287,31,7,13,2,1
2289,287,4,2,17,4,0
2290,287,26,5,28,3,1
2291,287,5,5,21,4,1
2292,287,25,2,24,5,0
2293,287,11,3,29,4,0
2294,287,29,7,23,2,1
2295,287,24,7,26,4,1
2296,288,1,3,6,4,0
2297,288,12,4,25,1,1
2298,288,3,3,28,3,1
2299,288,10,7,4,4,1
2300,288,21,5,15,0,1
2301,288,18,4,0,5,0
2302,288,8,3,17,3,0
2303,288,27,3,16,1,1
2304,289,19,4,9,3,1
2305,289,31,4,5,3,1
2306,289,11,3,22,2,1
2307,289,20,4,7,2,1
2308,289,14,3,30,2,1
2309,289,13,5,2,1,1
2310,289,25,3,26,6,0
2311,289,21,9,22,3,1
2312,290,27,5,0,3,1
2313,290,30,2,24,1,1
2314,290,16,3,10,3,0
2315,290,29,6,3,3,1
2316,290,23,3,17,2,1
2317,290,15,2,12,9,0
2318,290,11,2,6,1,1
2319,290,4,3,2,3,1
2320,291,9,8,14,5,1
2321,291,19,4,8,1,1
2322,291,13,4,28,3,1
2323,291,1,7,5,3,1
2324,291,18,7,20,2,1
2325,291,7,7,31,1,1
2326,291,24,5,0,4,1
2327,291,22,3,2,5,0
2328,292,8,6,15,5,1
2329,292,29,4,30,0,1
2330,292,16,4,4,5,0
2331,292,23,5,20,2,1
2332,292,3,2,9,3,0
2333,292,7,3,19,1,1
2334,292,12,6,26,8,0
2335,292,1,3,17,3,0
2336,293,10,3,28,3,0
2337,293,18,4,31,2,1
2338,293,11,3,6,6,0
2339,293,25,3,5,4,0
2340,293,14,3,13,4,0
2341,293,21,6,27,1,1
2342,293,18,4,17,2,1
2343,293,9,5,26,3,1
2344,294,4,8,2,0,1
2345,294,15,8,29,2,1
2346,294,8,6,13,3,1
2347,294,11,3,21,4,0
2348,294,10,3,5,5,0
2349,294,19,4,7,2,1
2350,294,24,7,1,4,1
2351,294,23,2,31,2,0
2352,295,3,5,30,6,0
2353,295,28,9,20,3,1
2354,295,0,2,27,5,0
2355,295,22,8,25,3,1
2356,295,14,5,6,2,1
2357,295,12,4,16,4,1
2358,295,11,0,3,3,0
2359,295,2,1,4,3,0
2360,296,0,3,9,5,0
2361,296,29,3,7,5,0
2362,296,27,8,19,2,1
2363,296,10,9,20,5,1
2364,296,5,10,21,4,1
2365,296,18,5,30,2,1
2366,296,13,4,23,4,1
2367,296,17,3,26,2,1
2368,297,22,7,1,1,1
2369,297,14,3,6,2,1
2370,297,31,5,12,1,1
2371,297,15,6,8,2,1
2372,297,24,3,28,3,1
2373,297,16,3,25,2,1
2374,297,28,5,22,3,1
2375,297,9,4,20,7,0
2376,298,21,4,5,1,1
2377,298,7,4,2,2,1
2378,298,29,3,16,3,1
2379,298,27,3,6,5,0
2380,298,10,8,13,3,1
2381,298,1,2,17,2,0
2382,298,30,3,23,6,0
2383,298,24,7,4,4,1
2384,299,31,5,18,7,0
2385,299,8,3,3,5,0
2386,299,14,4,11,4,0
2387,299,25,1,12,3,0
2388,299,26,4,15,9,0
2389,299,0,2,19,3,0
2390,299,22,11,0,2,1
2391,299,13,5,28,2,1
2392,300,11,5,31,4,1
2393,300,5,7,18,3,1
2394,300,12,3,30,3,0
2395,300,24,3,26,3,1
2396,300,7,4,10,3,1
2397,300,14,1,25,2,0
2398,300,23,1,17,3,0
2399,300,29,5,2,1,1
2400,301,1,6,3,7,0
2401,301,9,7,19,0,1
2402,301,20,4,21,5,0
2403,301,4,3,8,2,1
2404,301,15,4,16,2,1
2405,301,6,1,27,3,0
2406,301,23,2,0,8,0
2407,301,6,7,8,5,1
2408,302,12,7,5,5,1
2409,302,18,3,3,2,1
2410,302,27,2,17,3,0
2411,302,14,3,21,4,0
2412,302,26,4,15,3,1
2413,302,16,2,20,2,1
2414,302,29,1,11,3,0
2415,302,7,5,24,4,1
2416,303,25,4,30,1,1
2417,303,22,9,10,0,1
2418,303,19,4,28,2,1
2419,303,9,6,4,3,1
2420,303,31,2,1,1,1
2421,303,2,4,13,3,1
2422,303,9,5,30,2,1
2423,303,6,2,1,4,0
2424,304,7,2,0,5,0
2425,304,3,3,17,1,1
2426,304,19,6,10,2,1
2427,304,2,4,29,4,0
2428,304,11,1,23,1,1
2429,304,16,3,15,3,0
2430,304,22,9,27,3,1
2431,304,21,11,18,3,1
2432,305,31,4,26,2,1
2433,305,5,4,28,5,0
2434,305,14,2,24,2,1
2435,305,20,3,25,4,0
2436,305,12,5,4,8,0
2437,305,13,6,8,5,1
2438,305,14,3,29,5,0
2439,305,30,4,20,3,1
2440,306,23,4,2,3,1
2441,306,8,8,5,4,1
2442,306,7,1,6,1,0
2443,306,12,3,21,4,0
2444,306,25,3,4,8,0
2445,306,15,3,1,4,0
2446,306,18,4,17,3,1
2447,306,9,5,11,2,1
2448,307,13,4,28,2,1
2449,307,27,3,22,4,0
2450,307,24,3,0,3,1
2451,307,3,1,31,5,0
2452,307,26,5,10,2,1
2453,307,16,3,19,6,0
2454,307,26,4,2,3,1
2455,307,28,1,0,3,0
2456,308,23,5,16,3,1
2457,308,29,5,22,6,0
2458,308,25,1,10,1,0
2459,308,13,3,7,3,1
2460,308,21,5,8,4,1
2461,308,15,5,6,1,1
2462,308,30,0,17,3,0
2463,308,11,5,12,7,0
2464,309,4,6,20,3,1
2465,309,31,5,27,2,1
2466,309,1,1,9,7,0
2467,309,14,4,3,0,1
2468,309,5,6,19,2,1
2469,309,24,3,18,2,1
2470,309,9,5,31,2,1
2471,309,22,3,20,1,1
2472,310,16,3,27,6,0
2473,310,1,2,18,5,0
2474,310,10,5,19,5,0
2475,310,6,6,24,3,1
2476,310,8,6,4,6,1
2477,310,15,4,23,3,1
2478,310,30,7,0,4,1
2479,310,5,2,28,3,0
2480,311,21,4,17,2,1
2481,311,25,4,11,0,1
2482,311,26,2,13,4,0
2483,311,2,4,7,0,1
2484,311,12,5,3,2,1
2485,311,29,5,14,4,1
2486,311,22,6,4,3,1
2487,311,28,4,1,3,1
2488,312,21,3,3,0,1
2489,312,11,2,13,1,1
2490,312,18,6,0,0,1
2491,312,29,3,16,3,1
2492,312,17,1,26,4,0
2493,312,27,7,7,4,1
2494,312,2,5,15,4,1
2495,312,23,3,20,1,1
2496,313,14,3,31,2,1
2497,313,24,2,6,4,0
2498,313,12,5,25,3,1
2499,313,30,3,5,6,0
2500,313,10,6,8,5,1
2501,313,9,6,19,1,1
2502,313,16,2,24,1,1
2503,313,21,3,2,2,1
2504,314,15,4,17,1,1
2505,314,30,2,22,5,0
2506,314,7,3,31,2,1
2507,314,13,3,11,2,1
2508,314,28,4,5,3,1
2509,314,26,6,25,1,1
2510,314,9,6,4,6,0
2511,314,12,0,19,2,0
2512,315,14,7,0,3,1
2513,315,20,2,10,5,0
2514,315,23,8,6,1,1
2515,315,1,5,29,7,0
2516,315,8,6,27,9,0
2517,315,3,1,18,2,0
2518,315,14,4,22,4,1
2519,315,6,5,3,3,1
2520,316,11,1,12,3,0
2521,316,15,3,10,5,0
2522,316,19,4,16,4,0
2523,316,30,5,13,4,1
2524,316,2,4,24,8,0
2525,316,4,6,27,6,1
2526,316,18,3,21,4,0
2527,316,20,2,25,3,0
2528,317,7,7,1,1,1
2529,317,29,4,23,5,0
2530,317,26,4,5,4,0
2531,317,9,4,31,0,1
2532,317,0,4,17,2,1
2533,317,8,4,28,10,0
2534,317,18,5,28,4,1
2535,317,3,4,1,3,1
2536,318,12,3,15,1,1
2537,318,14,1,22,5,0
2538,318,8,3,31,3,1
2539,318,0,0,17,4,0
2540,318,20,9,9,1,1
2541,318,27,3,24,3,1
2542,318,25,5,4,4,1
2543,318,26,8,5,3,1
2544,319,11,4,16,3,1
2545,319,7,3,21,1,1
2546,319,6,6,29,2,1
2547,319,10,4,23,5,0
2548,319,30,1,19,1,0
2549,319,13,6,2,1,1
2550,319,0,6,8,6,0
2551,319,21,4,18,5,0
2552,320,5,3,13,5,0
2553,320,15,9,9,3,1
2554,320,29,4,6,1,1
2555,320,28,1,20,4,0
2556,320,2,3,1,3,1
2557,320,12,4,25,3,1
2558,320,10,3,22,6,0
2559,320,16,4,4,2,1
2560,321,26,0,19,6,0
2561,321,24,2,31,2,0
2562,321,7,3,11,3,0
2563,321,27,6,3,2,1
2564,321,17,4,14,0,1
2565,321,23,4,30,0,1
2566,321,16,2,18,6,0
2567,321,20,2,0,2,1
2568,322,28,5,10,3,1
2569,322,11,2,8,6,0
2570,322,19,3,25,2,1
2571,322,2,4,22,10,0
2572,322,3,5,26,5,0
2573,322,30,5,12,2,1
2574,322,27,1,7,2,0
2575,322,21,8,6,7,1
2576,323,23,3,5,2,1
2577,323,1,3,4,6,0
2578,323,24,3,29,3,1
2579,323,13,4,17,0,1
2580,323,9,3,15,0,1
2581,323,31,2,14,4,0
2582,323,13,1,30,1,1
2583,323,16,4,3,4,1
2584,324,7,2,12,1,1
2585,324,11,6,26,4,1
2586,324,19,3,1,0,1
2587,324,24,4,27,5,0
2588,324,2,2,23,6,0
2589,324,10,7,29,4,1
2590,324,21,9,6,2,1
2591,324,0,2,31,4,0
2592,325,28,5,5,4,1
2593,325,18,9,22,6,1
2594,325,20,6,25,1,1
2595,325,8,2,9,10,0
2596,325,4,7,14,3,1
2597,325,15,4,17,5,0
2598,325,0,10,24,8,1
2599,325,13,6,15,7,0
2600,326,5,1,7,3,0
2601,326,22,8,9,4,1
2602,326,11,4,20,3,1
2603,326,3,0,14,0,0
2604,326,12,1,17,1,1
2605,326,19,6,23,7,0
2606,326,8,4,27,2,1
2607,326,26,7,18,6,1
2608,327,21,4,4,3,1
2609,327,31,4,6,2,1
2610,327,1,7,10,4,1
2611,327,28,4,2,2,1
2612,327,16,5,25,2,1
2613,327,30,4,29,1,1
2614,327,13,0,17,1,0
2615,327,29,9,27,3,1
2616,328,7,3,18,5,0
2617,328,20,2,11,1,1
2618,328,22,11,12,1,1
2619,328,2,6,26,3,1
2620,328,16,4,19,3,1
2621,328,0,1,28,7,0
2622,328,25,4,4,0,1
2623,328,31,7,24,2,1
2624,329,3,1,6,4,0
2625,329,30,1,14,2,0
2626,329,10,3,9,4,0
2627,329,23,4,5,5,0
2628,329,21,3,15,3,1
2629,329,8,4,1,2,1
2630,329,30,0,16,1,0
2631,329,2,3,24,4,0
2632,330,29,5,11,0,1
2633,330,8,2,17,1,1
2634,330,9,4,19,3,1
2635,330,26,8,7,0,1
2636,330,0,4,5,4,1
2637,330,21,5,1,2,1
2638,330,28,3,22,4,0
2639,330,3,2,18,4,0
2640,331,12,4,6,4,0
2641,331,25,2,20,3,0
2642,331,13,3,14,7,0
2643,331,4,5,31,2,1
2644,331,27,2,23,4,0
2645,331,10,4,15,4,0
2646,331,24,2,14,3,0
2647,331,2,7,29,5,1
2648,332,27,2,6,2,1
2649,332,18,5,20,5,1
2650,332,19,6,15,6,0
2651,332,5,6,0,2,1
2652,332,8,4,25,3,1
2653,332,30,1,31,0,1
2654,332,13,7,23,2,1
2655,332,1,3,26,4,0
2656,333,16,0,3,1,0
2657,333,21,7,11,1,1
2658,333,4,3,17,2,1
2659,333,9,7,12,3,1
2660,333,10,4,22,7,0
2661,333,28,1,7,3,0
2662,333,9,4,26,2,1
2663,333,31,2,7,6,0
2664,334,13,6,6,1,1
2665,334,3,3,20,3,0
2666,334,29,4,10,4,1
2667,334,14,4,30,5,0
2668,334,15,4,5,1,1
2669,334,27,3,19,3,1
2670,334,24,5,12,5,1
2671,334,8,7,16,1,1
2672,335,4,4,0,5,0
2673,335,2,9,11,3,1
2674,335,28,4,22,3,1
2675,335,17,1,25,6,0
2676,335,18,6,23,0,1
2677,335,21,7,1,5,1
2678,335,23,2,28,2,1
2679,335,10,5,2,2,1
2680,336,17,3,19,3,1
2681,336,5,5,0,2,1
2682,336,26,5,24,5,1
2683,336,1,5,29,4,1
2684,336,16,0,8,4,0
2685,336,18,7,27,3,1
2686,336,31,4,14,0,1
2687,336,9,6,7,3,1
2688,337,21,6,15,2,1
2689,337,30,2,3,2,1
2690,337,13,6,11,5,1
2691,337,12,0,22,7,0
2692,337,6,6,25,7,0
2693,337,4,7,20,10,0
2694,337,23,3,1,4,0
2695,337,18,6,12,0,1
2696,338,26,3,25,0,1
2697,338,13,3,28,2,1
2698,338,17,8,4,3,1
2699,338,0,2,9,3,0
2700,338,5,3,24,1,1
2701,338,30,4,20,2,1
2702,338,27,3,15,4,0
2703,338,11,4,10,1,1
2704,339,8,8,31,6,1
2705,339,3,2,29,0,1
2706,339,16,0,7,4,0
2707,339,14,5,21,5,0
2708,339,6,4,2,7,0
2709,339,22,2,19,1,1
2710,339,17,2,16,4,0
2711,339,10,8,24,1,1
2712,340,5,0,3,1,0
2713,340,6,5,1,5,0
2714,340,21,5,12,2,1
2715,340,18,6,2,4,1
2716,340,9,4,14,4,0
2717,340,7,7,27,1,1
2718,340,0,6,8,2,1
2719,340,22,6,11,1,1
2720,341,31,2,23,1,1
2721,341,25,4,20,3,1
2722,341,26,4,15,5,0
2723,341,19,4,29,5,0
2724,341,28,1,13,2,0
2725,341,30,2,4,7,0
2726,341,3,8,4,3,1
2727,341,2,1,22,7,0
2728,342,31,2,29,1,1
2729,342,26,3,25,4,0
2730,342,10,7,9,4,1
2731,342,11,4,20,3,1
2732,342,19,3,1,3,1
2733,342,7,5,23,1,1
2734,342,17,5,24,3,1
2735,342,18,9,8,2,1
2736,343,30,2,16,1,1
2737,343,5,1,13,0,1
2738,343,15,1,21,1,0
2739,343,6,5,0,3,1
2740,343,27,1,14,6,0
2741,343,12,2,28,3,0
2742,343,18,6,27,3,1
2743,343,3,2,2,1,1
2744,344,20,2,12,5,0
2745,344,13,3,26,5,0
2746,344,30,5,25,2,1
2747,344,19,1,21,5,0
2748,344,23,3,15,2,1
2749,344,4,1,14,4,0
2750,344,31,9,8,2,1
2751,344,9,5,5,1,1
2752,345,10,9,16,2,1
2753,345,0,2,24,6,0
2754,345,17,3,7,2,1
2755,345,6,5,11,4,1
2756,345,29,4,28,3,1
2757,345,22,10,1,2,1
2758,345,28,5,21,3,1
2759,345,10,1,30,9,0
2760,346,12,3,31,1,1
2761,346,18,6,19,4,1
2762,346,1,5,3,5,1
2763,346,17,3,14,0,1
2764,346,11,2,6,4,0
2765,346,13,5,27,2,1
2766,346,9,9,4,6,1
2767,346,7,12,8,1,1
2768,347,20,4,23,6,0
2769,347,15,6,24,3,1
2770,347,22,6,2,1,1
2771,347,25,2,26,4,0
2772,347,29,10,0,4,1
2773,347,16,3,5,2,1
2774,347,1,5,24,4,1
2775,347,10,9,28,3,1
2776,348,21,5,15,1,1
2777,348,27,4,11,4,1
2778,348,25,2,26,5,0
2779,348,20,3,29,3,1
2780,348,22,8,12,2,1
2781,348,16,0,19,1,0
2782,348,23,4,31,1,1
2783,348,6,7,9,2,1
2784,349,4,4,2,2,1
2785,349,14,6,7,1,1
2786,349,0,5,18,5,0
2787,349,30,0,5,3,0
2788,349,3,1,17,1,1
2789,349,13,3,8,7,0
2790,349,11,3,19,2,1
2791,349,15,2,21,2,0
2792,350,16,1,7,1,0
2793,350,14,1,28,2,0
2794,350,9,2,27,1,1
2795,350,3,2,10,3,0
2796,350,6,5,23,6,0
2797,350,12,6,8,4,1
2798,350,30,4,29,2,1
2799,350,22,5,25,0,1
2800,351,24,4,31,2,1
2801,351,0,7,18,5,1
2802,351,20,9,4,3,1
2803,351,2,6,26,7,0
2804,351,13,6,1,1,1
2805,351,5,4,17,3,1
2806,351,11,3,29,4,0
2807,351,10,8,25,2,1
2808,352,8,4,21,4,0
2809,352,4,7,16,2,1
2810,352,2,7,5,6,1
2811,352,26,3,20,3,0
2812,352,19,0,31,0,0
2813,352,28,4,13,1,1
2814,352,15,2,9,7,0
2815,352,22,9,3,5,1
2816,353,14,5,18,2,1
2817,353,0,2,30,3,0
2818,353,6,6,12,2,1
2819,353,27,5,23,2,1
2820,353,24,0,17,3,0
2821,353,7,5,1,0,1
2822,353,29,4,3,3,1
2823,353,21,2,11,3,0
2824,354,14,3,16,3,1
2825,354,5,8,12,1,1
2826,354,18,7,2,1,1
2827,354,28,7,27,2,1
2828,354,4,6,30,5,1
2829,354,17,1,26,3,0
2830,354,22,1,7,4,0
2831,354,23,2,6,4,0
2832,355,31,3,10,4,0
2833,355,9,7,8,3,1
2834,355,1,2,20,6,0
2835,355,19,3,13,3,1
2836,355,25,8,15,2,1
2837,355,0,4,24,2,1
2838,355,20,4,0,2,1
2839,355,21,4,18,6,0
2840,356,22,6,2,3,1
2841,356,28,5,4,1,1
2842,356,30,3,16,4,0
2843,356,13,3,10,2,1
2844,356,5,7,1,2,1
2845,356,24,2,25,3,0
2846,356,31,4,12,2,1
2847,356,14,5,7,5,1
2848,357,15,4,6,4,0
2849,357,19,5,9,4,1
2850,357,26,3,29,0,1
2851,357,17,3,11,0,1
2852,357,23,6,3,2,1
2853,357,8,5,27,5,1
2854,357,23,4,18,6,0
2855,357,10,1,5,7,0
2856,358,30,2,17,4,0
2857,358,1,6,26,1,1
2858,358,11,1,7,3,0
2859,358,12,4,16,5,0
2860,358,22,7,25,2,1
2861,358,3,2,15,1,1
2862,358,2,5,14,2,1
2863,358,0,3,6,3,1
2864,359,21,0,8,3,0
2865,359,13,6,9,3,1
2866,359,4,4,27,4,1
2867,359,29,1,31,2,0
2868,359,24,6,20,4,1
2869,359,28,2,19,5,0
2870,359,17,1,4,4,0
2871,359,22,6,11,4,1
2872,360,20,7,2,4,1
2873,360,14,6,13,3,1
2874,360,28,4,16,3,1
2875,360,30,6,1,3,1
2876,360,26,5,6,0,1
2877,360,29,6,7,2,1
2878,360,18,4,5,1,1
2879,360,27,6,0,5,1
2880,361,15,4,23,3,1
2881,361,10,3,31,3,1
2882,361,12,2,24,2,0
2883,361,8,6,25,5,1
2884,361,19,2,3,4,0
2885,361,9,2,21,6,0
2886,361,15,3,21,3,1
2887,361,17,3,16,0,1
2888,362,31,3,0,2,1
2889,362,28,6,3,1,1
2890,362,25,5,10,5,0
2891,362,5,4,12,3,1
2892,362,4,6,26,2,1
2893,362,1,4,9,5,0
2894,362,24,2,13,5,0
2895,362,19,7,6,1,1
2896,363,29,3,2,2,1
2897,363,11,3,30,6,0
2898,363,23,3,20,4,0
2899,363,8,5,14,3,1
2900,363,27,1,22,11,0
2901,363,7,5,18,4,1
2902,363,17,3,19,2,1
2903,363,27,6,4,5,1
2904,364,18,6,30,2,1
2905,364,15,2,12,5,0
2906,364,11,3,5,3,0
2907,364,9,6,3,1,1
2908,364,20,10,1,2,1
2909,364,13,6,2,4,1
2910,364,16,3,29,5,0
2911,364,10,5,6,4,1
2912,365,31,2,28,0,1
2913,365,8,8,0,5,1
2914,365,21,0,14,1,0
2915,365,24,0,26,2,0
2916,365,25,5,7,3,1
2917,365,22,6,23,3,1
2918,365,4,7,12,2,1
2919,365,21,3,29,2,1
2920,366,16,1,13,3,0
2921,366,25,4,30,2,1
2922,366,11,2,3,3,0
2923,366,24,6,26,3,1
2924,366,1,2,6,2,1
2925,366,8,6,19,5,1
2926,366,31,3,22,3,0
2927,366,2,4,9,4,1
2928,367,17,5,18,4,1
2929,367,28,1,5,0,1
2930,367,27,8,0,0,1
2931,367,10,4,7,5,0
2932,367,23,6,15,4,1
2933,367,20,3,14,4,0
2934,367,25,2,31,2,0
2935,367,15,5,0,2,1
2936,368,21,2,7,5,0
2937,368,10,3,18,10,0
2938,368,30,7,5,4,1
2939,368,14,3,6,3,1
2940,368,22,6,4,4,1
2941,368,12,3,20,4,0
2942,368,13,8,8,2,1
2943,368,29,2,17,2,1
2944,369,26,6,16,3,1
2945,369,23,1,9,3,0
2946,369,11,2,24,5,0
2947,369,28,2,3,2,1
2948,369,27,2,19,5,0
2949,369,2,8,1,2,1
2950,369,29,4,9,3,1
2951,369,7,4,1,8,0
2952,370,14,7,10,3,1
2953,370,30,5,27,2,1
2954,370,23,2,31,1,1
2955,370,21,9,24,2,1
2956,370,13,4,11,1,1
2957,370,26,2,22,7,0
2958,370,19,2,15,3,0
2959,370,5,6,12,1,1
2960,371,17,6,4,4,1
2961,371,20,4,3,4,1
2962,371,8,4,16,6,0
2963,371,6,2,28,6,0
2964,371,2,4,0,4,0
2965,371,25,2,18,0,1
2966,371,4,10,6,2,1
2967,371,25,6,11,1,1
2968,372,17,3,31,3,1
2969,372,18,5,14,5,1
2970,372,30,3,15,3,0
2971,372,12,4,28,3,1
2972,372,9,5,26,2,1
2973,372,24,5,20,3,1
2974,372,29,3,5,9,0
2975,372,13,1,7,4,0
2976,373,3,0,1,1,0
2977,373,23,2,22,2,0
2978,373,10,4,21,6,0
2979,373,8,5,16,4,1
2980,373,19,3,2,3,1
2981,373,0,3,27,3,0
2982,373,17,4,23,4,1
2983,373,26,3,14,2,1
2984,374,24,4,18,4,1
2985,374,31,2,4,4,0
2986,374,8,6,20,3,1
2987,374,15,9,0,4,1
2988,374,11,0,30,2,0
2989,374,29,0,3,1,0
2990,374,9,6,1,4,1
2991,374,27,4,16,2,1
2992,375,28,6,25,1,1
2993,375,5,2,13,2,1
2994,375,19,7,2,0,1
2995,375,10,4,6,3,1
2996,375,7,5,12,5,0
2997,375,22,4,21,1,1
2998,375,5,4,6,2,1
2999,375,12,3,16,4,0
3000,376,4,2,7,3,0
3001,376,0,3,29,4,0
3002,376,10,5,28,5,1
3003,376,15,3,27,3,1
3004,376,8,8,1,4,1
3005,376,19,3,21,5,0
3006,376,3,6,25,2,1
3007,376,17,1,13,2,0
3008,377,30,3,23,1,1
3009,377,24,2,31,6,0
3010,377,11,1,20,0,1
3011,377,18,5,22,7,0
3012,377,14,3,9,5,0
3013,377,2,5,26,3,1
3014,377,20,2,7,3,0
3015,377,29,4,6,3,1
3016,378,15,5,14,2,1
3017,378,16,4,10,4,0
3018,378,13,1,21,1,0
3019,378,12,8,1,1,1
3020,378,23,2,17,2,1
3021,378,3,5,19,3,1
3022,378,0,1,26,4,0
3023,378,9,5,8,2,1
3024,379,2,6,28,2,1
3025,379,31,5,5,3,1
3026,379,30,1,27,3,0
3027,379,18,5,25,3,1
3028,379,22,7,4,2,1
3029,379,24,13,11,3,1
3030,379,21,3,30,1,1
3031,379,23,4,0,8,0
3032,380,28,3,3,0,1
3033,380,6,2,16,1,1
3034,380,15,4,26,3,1
3035,380,1,2,9,3,0
3036,380,18,4,4,3,1
3037,380,27,3,25,5,0
3038,380,20,1,17,2,0
3039,380,7,3,29,5,0
3040,381,8,4,24,5,0
3041,381,19,2,14,1,1
3042,381,2,3,31,1,1
3043,381,11,4,12,6,0
3044,381,10,6,13,3,1
3045,381,22,7,5,1,1
3046,381,27,4,21,5,0
3047,381,9,5,22,1,1
3048,382,12,1,30,0,1
3049,382,7,3,5,5,0
3050,382,16,2,29,4,0
3051,382,31,2,3,0,1
3052,382,4,4,8,3,1
3053,382,2,2,25,4,0
3054,382,14,5,23,1,1
3055,382,24,1,17,9,0
3056,383,28,5,26,1,1
3057,383,0,7,10,4,1
3058,383,13,9,1,2,1
3059,383,11,4,15,4,0
3060,383,18,3,20,3,0
3061,383,19,2,6,3,0
3062,383,1,7,2,4,1
3063,383,29,4,31,2,1
3064,384,13,4,6,3,1
3065,384,10,4,17,3,1
3066,384,12,4,4,1,1
3067,384,11,5,0,8,0
3068,384,30,2,9,4,0
3069,384,3,5,21,3,1
3070,384,23,4,27,6,0
3071,384,14,2,20,2,1
3072,385,22,6,15,2,1
3073,385,8,6,16,2,1
3074,385,26,2,19,2,0
3075,385,7,7,25,5,1
3076,385,5,9,24,4,1
3077,385,18,3,28,0,1
3078,385,4,8,8,4,1
3079,385,7,2,21,2,0
3080,386,24,1,14,6,0
3081,386,15,6,1,5,1
3082,386,16,3,2,3,0
3083,386,22,7,0,1,1
3084,386,9,6,10,1,1
3085,386,20,4,27,3,1
3086,386,6,3,3,1,1
3087,386,23,2,26,4,0
3088,387,12,8,11,2,1
3089,387,17,7,31,3,1
3090,387,29,5,25,6,0
3091,387,19,2,18,4,0
3092,387,5,3,13,4,0
3093,387,30,1,28,3,0
3094,387,9,5,21,2,1
3095,387,18,10,6,5,1
3096,388,30,4,22,8,0
3097,388,2,4,11,4,1
3098,388,20,4,31,3,1
3099,388,23,7,26,4,1
3100,388,13,4,14,3,1
3101,388,25,8,19,0,1
3102,388,7,8,15,5,1
3103,388,29,6,8,2,1
3104,389,4,4,27,2,1
3105,389,5,5,12,3,1
3106,389,10,3,3,5,0
3107,389,17,5,24,1,1
3108,389,0,8,1,5,1
3109,389,16,1,28,4,0
3110,389,9,6,2,4,1
3111,389,27,11,6,2,1
3112,390,7,7,0,1,1
3113,390,3,3,21,5,0
3114,390,12,2,15,1,1
3115,390,17,3,30,2,1
3116,390,29,7,10,3,1
3117,390,28,5,20,3,1
3118,390,31,5,18,6,0
3119,390,24,5,19,4,1
3120,391,1,6,14,4,1
3121,391,5,6,4,5,1
3122,391,16,3,22,6,0
3123,391,25,4,23,4,1
3124,391,8,3,13,6,0
3125,391,26,6,11,2,1
3126,391,0,1,31,1,0
3127,391,13,4,21,1,1
3128,392,1,5,4,7,0
3129,392,9,10,20,3,1
3130,392,29,7,12,2,1
3131,392,3,4,10,1,1
3132,392,2,1,18,1,1
3133,392,17,6,16,2,1
3134,392,7,3,28,5,0
3135,392,25,5,23,2,1
3136,393,30,1,22,7,0
3137,393,24,5,26,3,1
3138,393,19,4,5,3,1
3139,393,6,7,11,1,1
3140,393,27,3,15,3,0
3141,393,8,3,14,4,0
3142,393,31,2,30,0,1
3143,393,23,9,1,0,1
3144,394,24,2,7,5,0
3145,394,17,3,26,1,1
3146,394,16,1,25,2,0
3147,394,3,0,21,5,0
3148,394,0,3,12,11,0
3149,394,19,6,4,0,1
3150,394,20,5,6,4,1
3151,394,13,4,2,1,1
3152,395,5,7,29,4,1
3153,395,8,6,14,7,0
3154,395,27,2,22,6,0
3155,395,9,4,28,3,1
3156,395,18,7,11,1,1
3157,395,10,5,15,8,0
3158,395,30,4,3,3,1
3159,395,14,4,19,2,1
3160,396,6,6,12,1,1
3161,396,10,9,8,6,1
3162,396,24,2,22,4,0
3163,396,15,7,1,3,1
3164,396,25,8,7,2,1
3165,396,21,7,23,2,1
3166,396,0,3,5,8,0
3167,396,16,2,4,2,0
3168,397,31,2,28,3,0
3169,397,17,2,20,1,1
3170,397,18,2,9,4,0
3171,397,29,3,27,4,0
3172,397,13,2,2,3,0
3173,397,26,5,11,0,1
3174,397,15,3,16,2,1
3175,397,27,4,4,4,0
3176,398,0,3,11,5,0
3177,398,7,3,23,6,0
3178,398,25,1,22,10,0
3179,398,21,3,12,4,0
3180,398,9,3,18,1,1
3181,398,5,5,28,2,1
3182,398,26,2,31,1,1
3183,398,1,2,29,4,0
3184,399,6,4,19,5,0
3185,399,24,7,10,3,1
3186,399,14,13,8,5,1
3187,399,13,2,3,3,0
3188,399,17,5,2,1,1
3189,399,30,2,20,1,1
3190,399,11,2,3,1,1
3191,399,2,2,28,8,0
